id,title,artist_name,album_name,description,image,spotify_player,apple_player,,
1,Eclipse,Pink Floyd,The Dark Side of the Moon,001日目の紹介文,/images/001.jpg,"<iframe src=""https://open.spotify.com/embed/track/1tDWVeCR9oWGX8d5J9rswk?utm_source=generator&theme=0"" width=""100%"" height=""152"" frameBorder=""0"" allowfullscreen="""" allow=""autoplay; clipboard-write; encrypted-media; fullscreen; picture-in-picture"" loading=""lazy""></iframe>","<iframe allow=""autoplay *; encrypted-media *; fullscreen *; clipboard-write"" frameborder=""0"" height=""175"" style=""width:100%;max-width:660px;overflow:hidden;border-radius:10px;"" sandbox=""allow-forms allow-popups allow-same-origin allow-scripts allow-storage-access-by-user-activation allow-top-navigation-by-user-activation"" src=""https://embed.music.apple.com/jp/song/eclipse/1065973712?l=en-US""></iframe>",,
2,実験4号,The Pees,リハビリ中断,002日目の紹介文,/images/002.jpg,"<iframe src=""https://open.spotify.com/embed/track/1VYtVTWqezZdDixIsj4s6N?utm_source=generator&theme=0"" width=""100%"" height=""152"" frameBorder=""0"" allowfullscreen="""" allow=""autoplay; clipboard-write; encrypted-media; fullscreen; picture-in-picture"" loading=""lazy""></iframe>","<iframe allow=""autoplay *; encrypted-media *; fullscreen *; clipboard-write"" frameborder=""0"" height=""175"" style=""width:100%;max-width:660px;overflow:hidden;border-radius:10px;"" sandbox=""allow-forms allow-popups allow-same-origin allow-scripts allow-storage-access-by-user-activation allow-top-navigation-by-user-activation"" src=""https://embed.music.apple.com/jp/song/%E5%AE%9F%E9%A8%934%E5%8F%B7/267213952?l=en-US""></iframe>",,
3,雪んこ,Takaki Horigome,Home Ground,003日目の紹介文,/images/003.jpg,"<iframe src=""https://open.spotify.com/embed/track/3v5KSO3GW9spJ3pgW3UyF4?utm_source=generator&theme=0"" width=""100%"" height=""152"" frameBorder=""0"" allowfullscreen="""" allow=""autoplay; clipboard-write; encrypted-media; fullscreen; picture-in-picture"" loading=""lazy""></iframe>","<iframe allow=""autoplay *; encrypted-media *; fullscreen *; clipboard-write"" frameborder=""0"" height=""175"" style=""width:100%;max-width:660px;overflow:hidden;border-radius:10px;"" sandbox=""allow-forms allow-popups allow-same-origin allow-scripts allow-storage-access-by-user-activation allow-top-navigation-by-user-activation"" src=""https://embed.music.apple.com/jp/song/%E9%9B%AA%E3%82%93%E3%81%93/96589779?l=en-US""></iframe>",,
4,Luv N' Haight - Single Version,Sly & The Family Stone,There's a Riot Goin' On,004日目の紹介文,/images/004.jpg,"<iframe src=""https://open.spotify.com/embed/track/2SNjUokqJifysK3qsjyK4F?utm_source=generator&theme=0"" width=""100%"" height=""152"" frameBorder=""0"" allowfullscreen="""" allow=""autoplay; clipboard-write; encrypted-media; fullscreen; picture-in-picture"" loading=""lazy""></iframe>","<iframe allow=""autoplay *; encrypted-media *; fullscreen *; clipboard-write"" frameborder=""0"" height=""175"" style=""width:100%;max-width:660px;overflow:hidden;border-radius:10px;"" sandbox=""allow-forms allow-popups allow-same-origin allow-scripts allow-storage-access-by-user-activation allow-top-navigation-by-user-activation"" src=""https://embed.music.apple.com/jp/song/i-love-music/1608242979?l=en-US""></iframe>",,
5,I Love Music,Ahmad Jamal Trio,The Awakening,005日目の紹介文,/images/005.jpg,"<iframe src=""https://open.spotify.com/embed/track/4MIPpjKWw1lLVwS6tLhis1?utm_source=generator&theme=0"" width=""100%"" height=""152"" frameBorder=""0"" allowfullscreen="""" allow=""autoplay; clipboard-write; encrypted-media; fullscreen; picture-in-picture"" loading=""lazy""></iframe>","<iframe allow=""autoplay *; encrypted-media *; fullscreen *; clipboard-write"" frameborder=""0"" height=""175"" style=""width:100%;max-width:660px;overflow:hidden;border-radius:10px;"" sandbox=""allow-forms allow-popups allow-same-origin allow-scripts allow-storage-access-by-user-activation allow-top-navigation-by-user-activation"" src=""https://embed.music.apple.com/us/song/i-love-music/1443878968""></iframe>",,
6,The Flower Called Nowhere,Stereolab,Dots And Loops (Expanded Edition),006日目の紹介文,/images/006.jpg,"<iframe src=""https://open.spotify.com/embed/track/7dmHNa6KpsyakWQsMOjHUx?utm_source=generator&theme=0"" width=""100%"" height=""152"" frameBorder=""0"" allowfullscreen="""" allow=""autoplay; clipboard-write; encrypted-media; fullscreen; picture-in-picture"" loading=""lazy""></iframe>","<iframe allow=""autoplay *; encrypted-media *; fullscreen *; clipboard-write"" frameborder=""0"" height=""175"" style=""width:100%;max-width:660px;overflow:hidden;border-radius:10px;"" sandbox=""allow-forms allow-popups allow-same-origin allow-scripts allow-storage-access-by-user-activation allow-top-navigation-by-user-activation"" src=""https://embed.music.apple.com/us/song/the-flower-called-nowhere/1230517317""></iframe>",,
7,Starry Sky,CAPSULE,Sugarless GiRL,007日目の紹介文,/images/007.jpg,"<iframe src=""https://open.spotify.com/embed/track/6XhNXDIgiBqlYpb0SuhUef?utm_source=generator&theme=0"" width=""100%"" height=""152"" frameBorder=""0"" allowfullscreen="""" allow=""autoplay; clipboard-write; encrypted-media; fullscreen; picture-in-picture"" loading=""lazy""></iframe>","<iframe allow=""autoplay *; encrypted-media *; fullscreen *; clipboard-write"" frameborder=""0"" height=""175"" style=""width:100%;max-width:660px;overflow:hidden;border-radius:10px;"" sandbox=""allow-forms allow-popups allow-same-origin allow-scripts allow-storage-access-by-user-activation allow-top-navigation-by-user-activation"" src=""https://embed.music.apple.com/us/song/starry-sky/215188199""></iframe>",,
8,Post Panic!,Navy Blue,Song of Sage: Post Panic!,008日目の紹介文,/images/008.jpg,"<iframe src=""https://open.spotify.com/embed/track/6uMqJQvja5YpIWqcGOLRoj?utm_source=generator&theme=0"" width=""100%"" height=""152"" frameBorder=""0"" allowfullscreen="""" allow=""autoplay; clipboard-write; encrypted-media; fullscreen; picture-in-picture"" loading=""lazy""></iframe>","<iframe allow=""autoplay *; encrypted-media *; fullscreen *; clipboard-write"" frameborder=""0"" height=""175"" style=""width:100%;max-width:660px;overflow:hidden;border-radius:10px;"" sandbox=""allow-forms allow-popups allow-same-origin allow-scripts allow-storage-access-by-user-activation allow-top-navigation-by-user-activation"" src=""https://embed.music.apple.com/us/song/post-panic/1546826137""></iframe>",,
9,It's a Lovely Day Today,Connie Stevens,Conchetta,009日目の紹介文,/images/009.jpg,"<iframe src=""https://open.spotify.com/embed/track/5CQq81hMIMNR7TONtEsbbr?utm_source=generator&theme=0"" width=""100%"" height=""152"" frameBorder=""0"" allowfullscreen="""" allow=""autoplay; clipboard-write; encrypted-media; fullscreen; picture-in-picture"" loading=""lazy""></iframe>","<iframe allow=""autoplay *; encrypted-media *; fullscreen *; clipboard-write"" frameborder=""0"" height=""175"" style=""width:100%;max-width:660px;overflow:hidden;border-radius:10px;"" sandbox=""allow-forms allow-popups allow-same-origin allow-scripts allow-storage-access-by-user-activation allow-top-navigation-by-user-activation"" src=""https://embed.music.apple.com/us/song/its-lovely-day-tomorrow/70263584""></iframe>",,
10,Kick & Loud,GEISHA GIRLS,Grandma Is Still Alive,010日目の紹介文,/images/010.jpg,"<iframe src=""https://open.spotify.com/embed/track/1cFr7dSrGGyzGWHJ5SldVp?utm_source=generator&theme=0"" width=""100%"" height=""152"" frameBorder=""0"" allowfullscreen="""" allow=""autoplay; clipboard-write; encrypted-media; fullscreen; picture-in-picture"" loading=""lazy""></iframe>","<iframe allow=""autoplay *; encrypted-media *; fullscreen *; clipboard-write"" frameborder=""0"" height=""175"" style=""width:100%;max-width:660px;overflow:hidden;border-radius:10px;"" sandbox=""allow-forms allow-popups allow-same-origin allow-scripts allow-storage-access-by-user-activation allow-top-navigation-by-user-activation"" src=""https://embed.music.apple.com/us/song/kick-loud-with-towa-tei/1248730479""></iframe>",,
11,Need You - Asher Postman Remix,Ember Island,Ember Island (Remixed),011日目の紹介文,/images/011.jpg,"<iframe src=""https://open.spotify.com/embed/track/5JktuKp6xXfX7MokHmprxi?utm_source=generator&theme=0"" width=""100%"" height=""152"" frameBorder=""0"" allowfullscreen="""" allow=""autoplay; clipboard-write; encrypted-media; fullscreen; picture-in-picture"" loading=""lazy""></iframe>","<iframe allow=""autoplay *; encrypted-media *; fullscreen *; clipboard-write"" frameborder=""0"" height=""175"" style=""width:100%;max-width:660px;overflow:hidden;border-radius:10px;"" sandbox=""allow-forms allow-popups allow-same-origin allow-scripts allow-storage-access-by-user-activation allow-top-navigation-by-user-activation"" src=""https://embed.music.apple.com/jp/song/need-you-asher-postman-remix/1769457158""></iframe>",,
12,21世紀の自殺者,0.8Syooogeki,エスノファンキードフトエフスキーカムカムクラブ,012日目の紹介文,/images/012.jpg,"<iframe src=""https://open.spotify.com/embed/track/2eXa1thPMPnikhVputJZsZ?utm_source=generator&theme=0"" width=""100%"" height=""152"" frameBorder=""0"" allowfullscreen="""" allow=""autoplay; clipboard-write; encrypted-media; fullscreen; picture-in-picture"" loading=""lazy""></iframe>","<iframe allow=""autoplay *; encrypted-media *; fullscreen *; clipboard-write"" frameborder=""0"" height=""175"" style=""width:100%;max-width:660px;overflow:hidden;border-radius:10px;"" sandbox=""allow-forms allow-popups allow-same-origin allow-scripts allow-storage-access-by-user-activation allow-top-navigation-by-user-activation"" src=""https://embed.music.apple.com/jp/song/21%E4%B8%96%E7%B4%80%E3%81%AE%E8%87%AA%E6%AE%BA%E8%80%85/1008696911""></iframe>",,
13,Satori Part I,Flower Travellin' Band,Satori,013日目の紹介文,/images/013.jpg,"<iframe src=""https://open.spotify.com/embed/track/0TO8Bs4jZx0SDnpEisSh9y?utm_source=generator&theme=0"" width=""100%"" height=""152"" frameBorder=""0"" allowfullscreen="""" allow=""autoplay; clipboard-write; encrypted-media; fullscreen; picture-in-picture"" loading=""lazy""></iframe>","<iframe allow=""autoplay *; encrypted-media *; fullscreen *; clipboard-write"" frameborder=""0"" height=""175"" style=""width:100%;max-width:660px;overflow:hidden;border-radius:10px;"" sandbox=""allow-forms allow-popups allow-same-origin allow-scripts allow-storage-access-by-user-activation allow-top-navigation-by-user-activation"" src=""https://embed.music.apple.com/jp/song/satori-part-i/415296161""></iframe>",,
14,Üher,NaraBara,Hamt Zamin Hümüs,014日目の紹介文,/images/014.jpg,"<iframe src=""https://open.spotify.com/embed/track/2nssq7FJXwaQeH0b6blObQ?utm_source=generator&theme=0"" width=""100%"" height=""152"" frameBorder=""0"" allowfullscreen="""" allow=""autoplay; clipboard-write; encrypted-media; fullscreen; picture-in-picture"" loading=""lazy""></iframe>","<iframe allow=""autoplay *; encrypted-media *; fullscreen *; clipboard-write"" frameborder=""0"" height=""175"" style=""width:100%;max-width:660px;overflow:hidden;border-radius:10px;"" sandbox=""allow-forms allow-popups allow-same-origin allow-scripts allow-storage-access-by-user-activation allow-top-navigation-by-user-activation"" src=""https://embed.music.apple.com/jp/song/%C3%BCher/1688125562""></iframe>",,
15,vitamin,South Penguin,R,015日目の紹介文,/images/015.jpg,"<iframe src=""https://open.spotify.com/embed/track/2loW9YugZjLrxiowgjHCPp?utm_source=generator&theme=0"" width=""100%"" height=""152"" frameBorder=""0"" allowfullscreen="""" allow=""autoplay; clipboard-write; encrypted-media; fullscreen; picture-in-picture"" loading=""lazy""></iframe>","<iframe allow=""autoplay *; encrypted-media *; fullscreen *; clipboard-write"" frameborder=""0"" height=""175"" style=""width:100%;max-width:660px;overflow:hidden;border-radius:10px;"" sandbox=""allow-forms allow-popups allow-same-origin allow-scripts allow-storage-access-by-user-activation allow-top-navigation-by-user-activation"" src=""https://embed.music.apple.com/jp/song/vitamin-feat-%E6%B2%A1-a-k-a-ngs/1595920291""></iframe>",,
16,Ghana,D.A.N.,D.A.N.,016日目の紹介文,/images/016.jpg,"<iframe src=""https://open.spotify.com/embed/track/4oTLxsKrbGnspeeLIjwDRu?utm_source=generator&theme=0"" width=""100%"" height=""152"" frameBorder=""0"" allowfullscreen="""" allow=""autoplay; clipboard-write; encrypted-media; fullscreen; picture-in-picture"" loading=""lazy""></iframe>","<iframe allow=""autoplay *; encrypted-media *; fullscreen *; clipboard-write"" frameborder=""0"" height=""175"" style=""width:100%;max-width:660px;overflow:hidden;border-radius:10px;"" sandbox=""allow-forms allow-popups allow-same-origin allow-scripts allow-storage-access-by-user-activation allow-top-navigation-by-user-activation"" src=""https://embed.music.apple.com/jp/song/ghana/1098082893""></iframe>",,
17,How High The Moon,Ella Fitzgerald,Lullabies Of Birdland,017日目の紹介文,/images/017.jpg,"<iframe src=""https://open.spotify.com/embed/track/2cvztQuBIxwV38kg1Ydaww?utm_source=generator&theme=0"" width=""100%"" height=""152"" frameBorder=""0"" allowfullscreen="""" allow=""autoplay; clipboard-write; encrypted-media; fullscreen; picture-in-picture"" loading=""lazy""></iframe>","<iframe allow=""autoplay *; encrypted-media *; fullscreen *; clipboard-write"" frameborder=""0"" height=""175"" style=""width:100%;max-width:660px;overflow:hidden;border-radius:10px;"" sandbox=""allow-forms allow-popups allow-same-origin allow-scripts allow-storage-access-by-user-activation allow-top-navigation-by-user-activation"" src=""https://embed.music.apple.com/jp/song/%E3%83%8F%E3%82%A6-%E3%83%8F%E3%82%A4-%E3%82%B6-%E3%83%A0%E3%83%BC%E3%83%B3/1442950236""></iframe>",,
18,inner universe,Origa,攻殻機動隊 STAND ALONE COMPLEX　O.S.T.＋,018日目の紹介文,/images/018.jpg,"<iframe src=""https://open.spotify.com/embed/track/0UuMRmKDZSuSlUbTg5F3MG?utm_source=generator&theme=0"" width=""100%"" height=""152"" frameBorder=""0"" allowfullscreen="""" allow=""autoplay; clipboard-write; encrypted-media; fullscreen; picture-in-picture"" loading=""lazy""></iframe>","<iframe allow=""autoplay *; encrypted-media *; fullscreen *; clipboard-write"" frameborder=""0"" height=""175"" style=""width:100%;max-width:660px;overflow:hidden;border-radius:10px;"" sandbox=""allow-forms allow-popups allow-same-origin allow-scripts allow-storage-access-by-user-activation allow-top-navigation-by-user-activation"" src=""https://embed.music.apple.com/jp/song/inner-universe/423766416""></iframe>",,
19,Nuclear Burn,Brand X,Unorthodox Behaviour,019日目の紹介文,/images/019.jpg,"<iframe src=""https://open.spotify.com/embed/track/0aVwclUm2FsksllwpJRlaX?utm_source=generator&theme=0"" width=""100%"" height=""152"" frameBorder=""0"" allowfullscreen="""" allow=""autoplay; clipboard-write; encrypted-media; fullscreen; picture-in-picture"" loading=""lazy""></iframe>","<iframe allow=""autoplay *; encrypted-media *; fullscreen *; clipboard-write"" frameborder=""0"" height=""175"" style=""width:100%;max-width:660px;overflow:hidden;border-radius:10px;"" sandbox=""allow-forms allow-popups allow-same-origin allow-scripts allow-storage-access-by-user-activation allow-top-navigation-by-user-activation"" src=""https://embed.music.apple.com/jp/song/nuclear-burn/723752777""></iframe>",,
20,Long Road Home,Caroline Polachek,"Desire, I Want To Turn Into You: Everasking Edition",020日目の紹介文,/images/020.jpg,"<iframe src=""https://open.spotify.com/embed/track/3RRGqoQw0xUWz2OhyNu8Lk?utm_source=generator&theme=0"" width=""100%"" height=""152"" frameBorder=""0"" allowfullscreen="""" allow=""autoplay; clipboard-write; encrypted-media; fullscreen; picture-in-picture"" loading=""lazy""></iframe>","<iframe allow=""autoplay *; encrypted-media *; fullscreen *; clipboard-write"" frameborder=""0"" height=""175"" style=""width:100%;max-width:660px;overflow:hidden;border-radius:10px;"" sandbox=""allow-forms allow-popups allow-same-origin allow-scripts allow-storage-access-by-user-activation allow-top-navigation-by-user-activation"" src=""https://embed.music.apple.com/jp/song/long-road-home/1732295325""></iframe>",,
21,Lento,Julieta Venegas,Realmente Lo Mejor,021日目の紹介文,/images/021.jpg,"<iframe src=""https://open.spotify.com/embed/track/36hGQCmqvJ48hSmdNSiXAT?utm_source=generator&theme=0"" width=""100%"" height=""152"" frameBorder=""0"" allowfullscreen="""" allow=""autoplay; clipboard-write; encrypted-media; fullscreen; picture-in-picture"" loading=""lazy""></iframe>","<iframe allow=""autoplay *; encrypted-media *; fullscreen *; clipboard-write"" frameborder=""0"" height=""175"" style=""width:100%;max-width:660px;overflow:hidden;border-radius:10px;"" sandbox=""allow-forms allow-popups allow-same-origin allow-scripts allow-storage-access-by-user-activation allow-top-navigation-by-user-activation"" src=""https://embed.music.apple.com/jp/song/lento/322340291""></iframe>",,
22,T o K Y o F R U I T !,TOKYOPILL,Abandon The Flesh !,022日目の紹介文,/images/022.jpg,"<iframe src=""https://open.spotify.com/embed/track/7xHSUc0jYMT78BA0c2CSl8?utm_source=generator&theme=0"" width=""100%"" height=""152"" frameBorder=""0"" allowfullscreen="""" allow=""autoplay; clipboard-write; encrypted-media; fullscreen; picture-in-picture"" loading=""lazy""></iframe>","<iframe allow=""autoplay *; encrypted-media *; fullscreen *; clipboard-write"" frameborder=""0"" height=""175"" style=""width:100%;max-width:660px;overflow:hidden;border-radius:10px;"" sandbox=""allow-forms allow-popups allow-same-origin allow-scripts allow-storage-access-by-user-activation allow-top-navigation-by-user-activation"" src=""https://embed.music.apple.com/jp/song/t-o-k-y-o-f-r-u-i-t/1677249164""></iframe>",,
23,Ain't No Mountain High Enough,Marvin Gaye,United,023日目の紹介文,/images/023.jpg,"<iframe src=""https://open.spotify.com/embed/track/7tqhbajSfrz2F7E1Z75ASX?utm_source=generator&theme=0"" width=""100%"" height=""152"" frameBorder=""0"" allowfullscreen="""" allow=""autoplay; clipboard-write; encrypted-media; fullscreen; picture-in-picture"" loading=""lazy""></iframe>","<iframe allow=""autoplay *; encrypted-media *; fullscreen *; clipboard-write"" frameborder=""0"" height=""175"" style=""width:100%;max-width:660px;overflow:hidden;border-radius:10px;"" sandbox=""allow-forms allow-popups allow-same-origin allow-scripts allow-storage-access-by-user-activation allow-top-navigation-by-user-activation"" src=""https://embed.music.apple.com/jp/song/aint-no-mountain-high-enough/1469575663""></iframe>",,
24,Odaigahara,EVISBEATS,That's Life,024日目の紹介文,/images/024.jpg,"<iframe src=""https://open.spotify.com/embed/track/1pu2FjZqdPi7si2IIRQ1o5?utm_source=generator&theme=0"" width=""100%"" height=""152"" frameBorder=""0"" allowfullscreen="""" allow=""autoplay; clipboard-write; encrypted-media; fullscreen; picture-in-picture"" loading=""lazy""></iframe>","<iframe allow=""autoplay *; encrypted-media *; fullscreen *; clipboard-write"" frameborder=""0"" height=""175"" style=""width:100%;max-width:660px;overflow:hidden;border-radius:10px;"" sandbox=""allow-forms allow-popups allow-same-origin allow-scripts allow-storage-access-by-user-activation allow-top-navigation-by-user-activation"" src=""https://embed.music.apple.com/jp/song/odaigahara/1667197952""></iframe>",,
25,MOON (feat. Herbie Hancock),DOMi & JD BECK,NOT TiGHT,025日目の紹介文,/images/025.jpg,"<iframe src=""https://open.spotify.com/embed/track/10UmWJn4BXev5y6uj1VwMl?utm_source=generator&theme=0"" width=""100%"" height=""152"" frameBorder=""0"" allowfullscreen="""" allow=""autoplay; clipboard-write; encrypted-media; fullscreen; picture-in-picture"" loading=""lazy""></iframe>","<iframe allow=""autoplay *; encrypted-media *; fullscreen *; clipboard-write"" frameborder=""0"" height=""175"" style=""width:100%;max-width:660px;overflow:hidden;border-radius:10px;"" sandbox=""allow-forms allow-popups allow-same-origin allow-scripts allow-storage-access-by-user-activation allow-top-navigation-by-user-activation"" src=""https://embed.music.apple.com/jp/song/moon/1629569587""></iframe>",,
26,Shake Your Rump,Beastie Boys,Paul's Boutique (20th Anniversary Edition / Remastered),026日目の紹介文,/images/026.jpg,"<iframe src=""https://open.spotify.com/embed/track/2qq0RYYIuQxXcOxQKN0drC?utm_source=generator&theme=0"" width=""100%"" height=""152"" frameBorder=""0"" allowfullscreen="""" allow=""autoplay; clipboard-write; encrypted-media; fullscreen; picture-in-picture"" loading=""lazy""></iframe>","<iframe allow=""autoplay *; encrypted-media *; fullscreen *; clipboard-write"" frameborder=""0"" height=""175"" style=""width:100%;max-width:660px;overflow:hidden;border-radius:10px;"" sandbox=""allow-forms allow-popups allow-same-origin allow-scripts allow-storage-access-by-user-activation allow-top-navigation-by-user-activation"" src=""https://embed.music.apple.com/jp/song/shake-your-rump/721277055""></iframe>",,
27,ハイウェイ,くるり,ハイウェイ,027日目の紹介文,/images/027.jpg,"<iframe src=""https://open.spotify.com/embed/track/2y9eyrw8Ur7lwy26QQ0ucD?utm_source=generator&theme=0"" width=""100%"" height=""152"" frameBorder=""0"" allowfullscreen="""" allow=""autoplay; clipboard-write; encrypted-media; fullscreen; picture-in-picture"" loading=""lazy""></iframe>","<iframe allow=""autoplay *; encrypted-media *; fullscreen *; clipboard-write"" frameborder=""0"" height=""175"" style=""width:100%;max-width:660px;overflow:hidden;border-radius:10px;"" sandbox=""allow-forms allow-popups allow-same-origin allow-scripts allow-storage-access-by-user-activation allow-top-navigation-by-user-activation"" src=""https://embed.music.apple.com/jp/song/%E3%83%8F%E3%82%A4%E3%82%A6%E3%82%A7%E3%82%A4/1590793761""></iframe>",,
28,We Don't Play No Mo,1 9 0 5,We Don't Play No Mo,028日目の紹介文,/images/028.jpg,"<iframe src=""https://open.spotify.com/embed/track/3lsK8vyutnffn1LyVbBYgX?utm_source=generator&theme=0"" width=""100%"" height=""152"" frameBorder=""0"" allowfullscreen="""" allow=""autoplay; clipboard-write; encrypted-media; fullscreen; picture-in-picture"" loading=""lazy""></iframe>","<iframe allow=""autoplay *; encrypted-media *; fullscreen *; clipboard-write"" frameborder=""0"" height=""175"" style=""width:100%;max-width:660px;overflow:hidden;border-radius:10px;"" sandbox=""allow-forms allow-popups allow-same-origin allow-scripts allow-storage-access-by-user-activation allow-top-navigation-by-user-activation"" src=""https://embed.music.apple.com/jp/song/we-dont-play-no-mo/1693208733""></iframe>",,
29,機械仕掛乃宇宙,Ichiko Aoba,０,029日目の紹介文,/images/029.jpg,"<iframe src=""https://open.spotify.com/embed/track/4k62bx1qhEW0vJ3agGuGYZ?utm_source=generator&theme=0"" width=""100%"" height=""152"" frameBorder=""0"" allowfullscreen="""" allow=""autoplay; clipboard-write; encrypted-media; fullscreen; picture-in-picture"" loading=""lazy""></iframe>","<iframe allow=""autoplay *; encrypted-media *; fullscreen *; clipboard-write"" frameborder=""0"" height=""175"" style=""width:100%;max-width:660px;overflow:hidden;border-radius:10px;"" sandbox=""allow-forms allow-popups allow-same-origin allow-scripts allow-storage-access-by-user-activation allow-top-navigation-by-user-activation"" src=""https://embed.music.apple.com/jp/song/%E6%A9%9F%E6%A2%B0%E4%BB%95%E6%8E%9B%E4%B9%83%E5%AE%87%E5%AE%99/720743523""></iframe>",,
30,THOT'S PRAYER!,JPEGMAFIA,LP!,030日目の紹介文,/images/030.jpg,"<iframe src=""https://open.spotify.com/embed/track/0O0q3mDpIZH1BJXBEH5ad8?utm_source=generator&theme=0"" width=""100%"" height=""152"" frameBorder=""0"" allowfullscreen="""" allow=""autoplay; clipboard-write; encrypted-media; fullscreen; picture-in-picture"" loading=""lazy""></iframe>","<iframe allow=""autoplay *; encrypted-media *; fullscreen *; clipboard-write"" frameborder=""0"" height=""175"" style=""width:100%;max-width:660px;overflow:hidden;border-radius:10px;"" sandbox=""allow-forms allow-popups allow-same-origin allow-scripts allow-storage-access-by-user-activation allow-top-navigation-by-user-activation"" src=""https://embed.music.apple.com/jp/song/thots-prayer/1590921093""></iframe>",,
31,Mother Nature's Bitch,Okay Kaya,Watch This Liquid Pour Itself,031日目の紹介文,/images/031.jpg,"<iframe src=""https://open.spotify.com/embed/track/3vy3ld7my2hDUTv4u7KIJR?utm_source=generator&theme=0"" width=""100%"" height=""152"" frameBorder=""0"" allowfullscreen="""" allow=""autoplay; clipboard-write; encrypted-media; fullscreen; picture-in-picture"" loading=""lazy""></iframe>","<iframe allow=""autoplay *; encrypted-media *; fullscreen *; clipboard-write"" frameborder=""0"" height=""175"" style=""width:100%;max-width:660px;overflow:hidden;border-radius:10px;"" sandbox=""allow-forms allow-popups allow-same-origin allow-scripts allow-storage-access-by-user-activation allow-top-navigation-by-user-activation"" src=""https://embed.music.apple.com/jp/song/mother-natures-bitch/1484716280""></iframe>",,
32,The Dachstein Angels,Wally Badarou,Words Of A Mountain,032日目の紹介文,/images/032.jpg,"<iframe src=""https://open.spotify.com/embed/track/74D05lUtvVCYXHCcFfDrJv?utm_source=generator&theme=0"" width=""100%"" height=""152"" frameBorder=""0"" allowfullscreen="""" allow=""autoplay; clipboard-write; encrypted-media; fullscreen; picture-in-picture"" loading=""lazy""></iframe>","<iframe allow=""autoplay *; encrypted-media *; fullscreen *; clipboard-write"" frameborder=""0"" height=""175"" style=""width:100%;max-width:660px;overflow:hidden;border-radius:10px;"" sandbox=""allow-forms allow-popups allow-same-origin allow-scripts allow-storage-access-by-user-activation allow-top-navigation-by-user-activation"" src=""https://embed.music.apple.com/jp/song/the-dachstein-angels/1442236927""></iframe>",,
33,Street Fighter Mas,Kamasi Washington,Heaven and Earth,033日目の紹介文,/images/033.jpg,"<iframe src=""https://open.spotify.com/embed/track/42HCaQAAihJZBY12wIZvyR?utm_source=generator&theme=0"" width=""100%"" height=""152"" frameBorder=""0"" allowfullscreen="""" allow=""autoplay; clipboard-write; encrypted-media; fullscreen; picture-in-picture"" loading=""lazy""></iframe>","<iframe allow=""autoplay *; encrypted-media *; fullscreen *; clipboard-write"" frameborder=""0"" height=""175"" style=""width:100%;max-width:660px;overflow:hidden;border-radius:10px;"" sandbox=""allow-forms allow-popups allow-same-origin allow-scripts allow-storage-access-by-user-activation allow-top-navigation-by-user-activation"" src=""https://embed.music.apple.com/jp/song/street-fighter-mas/1363035292""></iframe>",,
34,夢のいくら,キセル,夢,034日目の紹介文,/images/034.jpg,"<iframe src=""https://open.spotify.com/embed/track/77JAeesC5MhDxQPAg2bQtG?utm_source=generator&theme=0"" width=""100%"" height=""152"" frameBorder=""0"" allowfullscreen="""" allow=""autoplay; clipboard-write; encrypted-media; fullscreen; picture-in-picture"" loading=""lazy""></iframe>","<iframe allow=""autoplay *; encrypted-media *; fullscreen *; clipboard-write"" frameborder=""0"" height=""175"" style=""width:100%;max-width:660px;overflow:hidden;border-radius:10px;"" sandbox=""allow-forms allow-popups allow-same-origin allow-scripts allow-storage-access-by-user-activation allow-top-navigation-by-user-activation"" src=""https://embed.music.apple.com/jp/song/%E5%A4%A2%E3%81%AE%E3%81%84%E3%81%8F%E3%82%89/272153270""></iframe>",,
35,Runaway,R3HAB,Runaway,035日目の紹介文,/images/035.jpg,"<iframe src=""https://open.spotify.com/embed/track/19boUY253NrYTqJMh50d5X?utm_source=generator&theme=0"" width=""100%"" height=""152"" frameBorder=""0"" allowfullscreen="""" allow=""autoplay; clipboard-write; encrypted-media; fullscreen; picture-in-picture"" loading=""lazy""></iframe>","<iframe allow=""autoplay *; encrypted-media *; fullscreen *; clipboard-write"" frameborder=""0"" height=""175"" style=""width:100%;max-width:660px;overflow:hidden;border-radius:10px;"" sandbox=""allow-forms allow-popups allow-same-origin allow-scripts allow-storage-access-by-user-activation allow-top-navigation-by-user-activation"" src=""https://embed.music.apple.com/jp/song/runaway/1653122932""></iframe>",,
36,Born Under Punches (The Heat Goes On) - 2005 Remaster,Talking Heads,Remain in Light (Deluxe Version),036日目の紹介文,/images/036.jpg,"<iframe src=""https://open.spotify.com/embed/track/4eBCTzBsSjYgrLH5clQf2x?utm_source=generator&theme=0"" width=""100%"" height=""152"" frameBorder=""0"" allowfullscreen="""" allow=""autoplay; clipboard-write; encrypted-media; fullscreen; picture-in-picture"" loading=""lazy""></iframe>","<iframe allow=""autoplay *; encrypted-media *; fullscreen *; clipboard-write"" frameborder=""0"" height=""175"" style=""width:100%;max-width:660px;overflow:hidden;border-radius:10px;"" sandbox=""allow-forms allow-popups allow-same-origin allow-scripts allow-storage-access-by-user-activation allow-top-navigation-by-user-activation"" src=""https://embed.music.apple.com/jp/song/born-under-punches-the-heat-goes-on/300948048""></iframe>",,
37,4:02,A$AP Ferg,Trap Lord,037日目の紹介文,/images/037.jpg,"<iframe src=""https://open.spotify.com/embed/track/1Ir2VGNJYC5obyKnaEhzIF?utm_source=generator&theme=0"" width=""100%"" height=""152"" frameBorder=""0"" allowfullscreen="""" allow=""autoplay; clipboard-write; encrypted-media; fullscreen; picture-in-picture"" loading=""lazy""></iframe>","<iframe allow=""autoplay *; encrypted-media *; fullscreen *; clipboard-write"" frameborder=""0"" height=""175"" style=""width:100%;max-width:660px;overflow:hidden;border-radius:10px;"" sandbox=""allow-forms allow-popups allow-same-origin allow-scripts allow-storage-access-by-user-activation allow-top-navigation-by-user-activation"" src=""https://embed.music.apple.com/jp/song/4-02/676346995""></iframe>",,
38,Too Proud,宇多田ヒカル,初恋,038日目の紹介文,/images/038.jpg,"<iframe src=""https://open.spotify.com/embed/track/0iLHAwy7k3kTfjrztE0dqx?utm_source=generator&theme=0"" width=""100%"" height=""152"" frameBorder=""0"" allowfullscreen="""" allow=""autoplay; clipboard-write; encrypted-media; fullscreen; picture-in-picture"" loading=""lazy""></iframe>","<iframe allow=""autoplay *; encrypted-media *; fullscreen *; clipboard-write"" frameborder=""0"" height=""175"" style=""width:100%;max-width:660px;overflow:hidden;border-radius:10px;"" sandbox=""allow-forms allow-popups allow-same-origin allow-scripts allow-storage-access-by-user-activation allow-top-navigation-by-user-activation"" src=""https://embed.music.apple.com/jp/song/too-proud-feat-jevon/1538152433""></iframe>",,
39,まっすぐ歩けない,憂歌団,セカンド・ハンド,039日目の紹介文,/images/039.jpg,"<iframe src=""https://open.spotify.com/embed/track/7DgTSFb1wc3Z7agykgIE5i?utm_source=generator&theme=0"" width=""100%"" height=""152"" frameBorder=""0"" allowfullscreen="""" allow=""autoplay; clipboard-write; encrypted-media; fullscreen; picture-in-picture"" loading=""lazy""></iframe>","<iframe allow=""autoplay *; encrypted-media *; fullscreen *; clipboard-write"" frameborder=""0"" height=""175"" style=""width:100%;max-width:660px;overflow:hidden;border-radius:10px;"" sandbox=""allow-forms allow-popups allow-same-origin allow-scripts allow-storage-access-by-user-activation allow-top-navigation-by-user-activation"" src=""https://embed.music.apple.com/jp/song/%E3%81%BE%E3%81%A3%E3%81%99%E3%81%90%E6%AD%A9%E3%81%91%E3%81%AA%E3%81%84-remastered/1704107761""></iframe>",,
40,Oh Yeah,CAN,Tago Mago,040日目の紹介文,/images/040.jpg,"<iframe src=""https://open.spotify.com/embed/track/2RFhXjlXlMVgpy5HH2VK2Z?utm_source=generator&theme=0"" width=""100%"" height=""152"" frameBorder=""0"" allowfullscreen="""" allow=""autoplay; clipboard-write; encrypted-media; fullscreen; picture-in-picture"" loading=""lazy""></iframe>","<iframe allow=""autoplay *; encrypted-media *; fullscreen *; clipboard-write"" frameborder=""0"" height=""175"" style=""width:100%;max-width:660px;overflow:hidden;border-radius:10px;"" sandbox=""allow-forms allow-popups allow-same-origin allow-scripts allow-storage-access-by-user-activation allow-top-navigation-by-user-activation"" src=""https://embed.music.apple.com/jp/song/oh-yeah/1564611290""></iframe>",,
41,Alger la blanche,Nicolas Godin,Au service de la France,041日目の紹介文,/images/041.jpg,"<iframe src=""https://open.spotify.com/embed/track/2cu3X3pbKbHdmRzCDkKTsO?utm_source=generator&theme=0"" width=""100%"" height=""152"" frameBorder=""0"" allowfullscreen="""" allow=""autoplay; clipboard-write; encrypted-media; fullscreen; picture-in-picture"" loading=""lazy""></iframe>","<iframe allow=""autoplay *; encrypted-media *; fullscreen *; clipboard-write"" frameborder=""0"" height=""175"" style=""width:100%;max-width:660px;overflow:hidden;border-radius:10px;"" sandbox=""allow-forms allow-popups allow-same-origin allow-scripts allow-storage-access-by-user-activation allow-top-navigation-by-user-activation"" src=""https://embed.music.apple.com/jp/song/alger-la-blanche/1390655474""></iframe>",,
42,恋は流星,吉田美奈子,TWILIGHT ZONE,042日目の紹介文,/images/042.jpg,"<iframe src=""https://open.spotify.com/embed/track/2NGWAXh6sisNpVHIAAlME0?utm_source=generator&theme=0"" width=""100%"" height=""152"" frameBorder=""0"" allowfullscreen="""" allow=""autoplay; clipboard-write; encrypted-media; fullscreen; picture-in-picture"" loading=""lazy""></iframe>","<iframe allow=""autoplay *; encrypted-media *; fullscreen *; clipboard-write"" frameborder=""0"" height=""175"" style=""width:100%;max-width:660px;overflow:hidden;border-radius:10px;"" sandbox=""allow-forms allow-popups allow-same-origin allow-scripts allow-storage-access-by-user-activation allow-top-navigation-by-user-activation"" src=""https://embed.music.apple.com/jp/song/%E6%81%8B%E3%81%AF%E6%B5%81%E6%98%9F/1536908404""></iframe>",,
43,A Day In The Life - Remastered 2009,The Beatles,Sgt. Pepper's Lonely Hearts Club Band (Remastered),043日目の紹介文,/images/043.jpg,"<iframe src=""https://open.spotify.com/embed/track/0hKRSZhUGEhKU6aNSPBACZ?utm_source=generator&theme=0"" width=""100%"" height=""152"" frameBorder=""0"" allowfullscreen="""" allow=""autoplay; clipboard-write; encrypted-media; fullscreen; picture-in-picture"" loading=""lazy""></iframe>","<iframe allow=""autoplay *; encrypted-media *; fullscreen *; clipboard-write"" frameborder=""0"" height=""175"" style=""width:100%;max-width:660px;overflow:hidden;border-radius:10px;"" sandbox=""allow-forms allow-popups allow-same-origin allow-scripts allow-storage-access-by-user-activation allow-top-navigation-by-user-activation"" src=""https://embed.music.apple.com/jp/song/%E3%82%A2-%E3%83%87%E3%82%A4-%E3%82%A4%E3%83%B3-%E3%82%B6-%E3%83%A9%E3%82%A4%E3%83%95-2009-digital-remaster/1441165168""></iframe>",,
44,Kintsugi,DROELOE,Kintsugi,044日目の紹介文,/images/044.jpg,"<iframe src=""https://open.spotify.com/embed/track/4ufmQeXGfvCZcsnMsTvmn3?utm_source=generator&theme=0"" width=""100%"" height=""152"" frameBorder=""0"" allowfullscreen="""" allow=""autoplay; clipboard-write; encrypted-media; fullscreen; picture-in-picture"" loading=""lazy""></iframe>","<iframe allow=""autoplay *; encrypted-media *; fullscreen *; clipboard-write"" frameborder=""0"" height=""450"" style=""width:100%;max-width:660px;overflow:hidden;border-radius:10px;"" sandbox=""allow-forms allow-popups allow-same-origin allow-scripts allow-storage-access-by-user-activation allow-top-navigation-by-user-activation"" src=""https://embed.music.apple.com/jp/album/kintsugi-single/1287408474""></iframe>",,
45,You (feat. Travis Scott),Don Toliver,Life of a DON,045日目の紹介文,/images/045.jpg,"<iframe src=""https://open.spotify.com/embed/track/4qS2KPWvsQzLvRa9oCHw41?utm_source=generator&theme=0"" width=""100%"" height=""152"" frameBorder=""0"" allowfullscreen="""" allow=""autoplay; clipboard-write; encrypted-media; fullscreen; picture-in-picture"" loading=""lazy""></iframe>","<iframe allow=""autoplay *; encrypted-media *; fullscreen *; clipboard-write"" frameborder=""0"" height=""175"" style=""width:100%;max-width:660px;overflow:hidden;border-radius:10px;"" sandbox=""allow-forms allow-popups allow-same-origin allow-scripts allow-storage-access-by-user-activation allow-top-navigation-by-user-activation"" src=""https://embed.music.apple.com/jp/song/you-feat-travis-scott/1587804205""></iframe>",,
46,The Sun Ain't Gonna Shine (Anymore),Frankie Valli,Solo,046日目の紹介文,/images/046.jpg,"<iframe src=""https://open.spotify.com/embed/track/53NAvqcqHQnOR1WRME88BN?utm_source=generator&theme=0"" width=""100%"" height=""152"" frameBorder=""0"" allowfullscreen="""" allow=""autoplay; clipboard-write; encrypted-media; fullscreen; picture-in-picture"" loading=""lazy""></iframe>","<iframe allow=""autoplay *; encrypted-media *; fullscreen *; clipboard-write"" frameborder=""0"" height=""175"" style=""width:100%;max-width:660px;overflow:hidden;border-radius:10px;"" sandbox=""allow-forms allow-popups allow-same-origin allow-scripts allow-storage-access-by-user-activation allow-top-navigation-by-user-activation"" src=""https://embed.music.apple.com/jp/song/the-sun-aint-gonna-shine-anymore/360749461""></iframe>",,
47,Für immer,NEU!,NEU! 2,047日目の紹介文,/images/047.jpg,"<iframe src=""https://open.spotify.com/embed/track/2b3J1EZrCohksl33SmCQih?utm_source=generator&theme=0"" width=""100%"" height=""152"" frameBorder=""0"" allowfullscreen="""" allow=""autoplay; clipboard-write; encrypted-media; fullscreen; picture-in-picture"" loading=""lazy""></iframe>","<iframe allow=""autoplay *; encrypted-media *; fullscreen *; clipboard-write"" frameborder=""0"" height=""175"" style=""width:100%;max-width:660px;overflow:hidden;border-radius:10px;"" sandbox=""allow-forms allow-popups allow-same-origin allow-scripts allow-storage-access-by-user-activation allow-top-navigation-by-user-activation"" src=""https://embed.music.apple.com/jp/song/fur-immer-forever/277592075""></iframe>",,
48,Thom Ki Ki,Yin Yin,The Rabbit That Hunts Tigers,048日目の紹介文,/images/048.jpg,"<iframe src=""https://open.spotify.com/embed/track/5xZy0X9zjIxzCnbWtJH4hA?utm_source=generator&theme=0"" width=""100%"" height=""152"" frameBorder=""0"" allowfullscreen="""" allow=""autoplay; clipboard-write; encrypted-media; fullscreen; picture-in-picture"" loading=""lazy""></iframe>","<iframe allow=""autoplay *; encrypted-media *; fullscreen *; clipboard-write"" frameborder=""0"" height=""175"" style=""width:100%;max-width:660px;overflow:hidden;border-radius:10px;"" sandbox=""allow-forms allow-popups allow-same-origin allow-scripts allow-storage-access-by-user-activation allow-top-navigation-by-user-activation"" src=""https://embed.music.apple.com/jp/song/thom-ki-ki/1523244198""></iframe>",,
49,miss you,m-flo,ASTROMANTIC,049日目の紹介文,/images/049.jpg,"<iframe src=""https://open.spotify.com/embed/track/260m9QWbSbcsDfV8kNJe5T?utm_source=generator&theme=0"" width=""100%"" height=""152"" frameBorder=""0"" allowfullscreen="""" allow=""autoplay; clipboard-write; encrypted-media; fullscreen; picture-in-picture"" loading=""lazy""></iframe>","<iframe allow=""autoplay *; encrypted-media *; fullscreen *; clipboard-write"" frameborder=""0"" height=""175"" style=""width:100%;max-width:660px;overflow:hidden;border-radius:10px;"" sandbox=""allow-forms allow-popups allow-same-origin allow-scripts allow-storage-access-by-user-activation allow-top-navigation-by-user-activation"" src=""https://embed.music.apple.com/jp/song/miss-you/1156374614""></iframe>",,
50,Thin Floors And Tall Ceilings,ODESZA,A Moment Apart,050日目の紹介文,/images/050.jpg,"<iframe src=""https://open.spotify.com/embed/track/7jyljyJuALDxuLzVxsmrQ0?utm_source=generator&theme=0"" width=""100%"" height=""152"" frameBorder=""0"" allowfullscreen="""" allow=""autoplay; clipboard-write; encrypted-media; fullscreen; picture-in-picture"" loading=""lazy""></iframe>","<iframe allow=""autoplay *; encrypted-media *; fullscreen *; clipboard-write"" frameborder=""0"" height=""175"" style=""width:100%;max-width:660px;overflow:hidden;border-radius:10px;"" sandbox=""allow-forms allow-popups allow-same-origin allow-scripts allow-storage-access-by-user-activation allow-top-navigation-by-user-activation"" src=""https://embed.music.apple.com/jp/song/thin-floors-and-tall-ceilings/1244091164""></iframe>",,
51,燃え殻,umanohone,馬の骨,051日目の紹介文,/images/051.jpg,"<iframe src=""https://open.spotify.com/embed/track/0xGYrmfg4ewqvHowFuSmKp?utm_source=generator&theme=0"" width=""100%"" height=""152"" frameBorder=""0"" allowfullscreen="""" allow=""autoplay; clipboard-write; encrypted-media; fullscreen; picture-in-picture"" loading=""lazy""></iframe>","<iframe allow=""autoplay *; encrypted-media *; fullscreen *; clipboard-write"" frameborder=""0"" height=""175"" style=""width:100%;max-width:660px;overflow:hidden;border-radius:10px;"" sandbox=""allow-forms allow-popups allow-same-origin allow-scripts allow-storage-access-by-user-activation allow-top-navigation-by-user-activation"" src=""https://embed.music.apple.com/jp/song/%E7%87%83%E3%81%88%E6%AE%BB/80489314""></iframe>",,
52,Your Daddy Loves You (For Gia Louise),Gil Scott-Heron,Real Eyes,052日目の紹介文,/images/052.jpg,"<iframe src=""https://open.spotify.com/embed/track/6bEJMJdG4b05O610YMMIAA?utm_source=generator&theme=0"" width=""100%"" height=""152"" frameBorder=""0"" allowfullscreen="""" allow=""autoplay; clipboard-write; encrypted-media; fullscreen; picture-in-picture"" loading=""lazy""></iframe>","<iframe allow=""autoplay *; encrypted-media *; fullscreen *; clipboard-write"" frameborder=""0"" height=""175"" style=""width:100%;max-width:660px;overflow:hidden;border-radius:10px;"" sandbox=""allow-forms allow-popups allow-same-origin allow-scripts allow-storage-access-by-user-activation allow-top-navigation-by-user-activation"" src=""https://embed.music.apple.com/jp/song/your-daddy-loves-you-for-gia-louise/975860527""></iframe>",,
53,Slipped Disc,Lizzy Mercier Descloux,Mambo Nassau,053日目の紹介文,/images/053.jpg,"<iframe src=""https://open.spotify.com/embed/track/49xMOQSvNoCZ3v6DFzTOGB?utm_source=generator&theme=0"" width=""100%"" height=""152"" frameBorder=""0"" allowfullscreen="""" allow=""autoplay; clipboard-write; encrypted-media; fullscreen; picture-in-picture"" loading=""lazy""></iframe>","<iframe allow=""autoplay *; encrypted-media *; fullscreen *; clipboard-write"" frameborder=""0"" height=""175"" style=""width:100%;max-width:660px;overflow:hidden;border-radius:10px;"" sandbox=""allow-forms allow-popups allow-same-origin allow-scripts allow-storage-access-by-user-activation allow-top-navigation-by-user-activation"" src=""https://embed.music.apple.com/jp/song/slipped-disc/258293662""></iframe>",,
54,Aspetto ancora un giorno,Piero Piccioni,Quelle strane occasioni,054日目の紹介文,/images/054.jpg,"<iframe src=""https://open.spotify.com/embed/track/3Qyz5OhjUzQFnjawpdrB1O?utm_source=generator&theme=0"" width=""100%"" height=""152"" frameBorder=""0"" allowfullscreen="""" allow=""autoplay; clipboard-write; encrypted-media; fullscreen; picture-in-picture"" loading=""lazy""></iframe>","<iframe allow=""autoplay *; encrypted-media *; fullscreen *; clipboard-write"" frameborder=""0"" height=""175"" style=""width:100%;max-width:660px;overflow:hidden;border-radius:10px;"" sandbox=""allow-forms allow-popups allow-same-origin allow-scripts allow-storage-access-by-user-activation allow-top-navigation-by-user-activation"" src=""https://embed.music.apple.com/jp/song/aspetto-ancora-un-giorno/455001735""></iframe>",,
55,Santé,Whyte,A Bedroom of One's Own,055日目の紹介文,/images/055.jpg,"<iframe src=""https://open.spotify.com/embed/track/0Ykbr3QGOHAYmuX5BIk1ig?utm_source=generator&theme=0"" width=""100%"" height=""152"" frameBorder=""0"" allowfullscreen="""" allow=""autoplay; clipboard-write; encrypted-media; fullscreen; picture-in-picture"" loading=""lazy""></iframe>","<iframe allow=""autoplay *; encrypted-media *; fullscreen *; clipboard-write"" frameborder=""0"" height=""175"" style=""width:100%;max-width:660px;overflow:hidden;border-radius:10px;"" sandbox=""allow-forms allow-popups allow-same-origin allow-scripts allow-storage-access-by-user-activation allow-top-navigation-by-user-activation"" src=""https://embed.music.apple.com/jp/song/sante/1811036764""></iframe>",,
56,4:44,JAY-Z,4:44,056日目の紹介文,/images/056.jpg,"<iframe src=""https://open.spotify.com/embed/track/1gT5TGwbkkkUliNzHRIGi1?utm_source=generator&theme=0"" width=""100%"" height=""152"" frameBorder=""0"" allowfullscreen="""" allow=""autoplay; clipboard-write; encrypted-media; fullscreen; picture-in-picture"" loading=""lazy""></iframe>","<iframe allow=""autoplay *; encrypted-media *; fullscreen *; clipboard-write"" frameborder=""0"" height=""450"" style=""width:100%;max-width:660px;overflow:hidden;border-radius:10px;"" sandbox=""allow-forms allow-popups allow-same-origin allow-scripts allow-storage-access-by-user-activation allow-top-navigation-by-user-activation"" src=""https://embed.music.apple.com/jp/album/4-44/1440935425""></iframe>",,
57,Hot Chocolate (feat. Jerry Paper),"Tyler, The Creator",Music Inspired by Illumination & Dr. Seuss' The Grinch,057日目の紹介文,/images/057.jpg,"<iframe src=""https://open.spotify.com/embed/track/5sqauLoaH1jrHLg6Abpkj0?utm_source=generator&theme=0"" width=""100%"" height=""152"" frameBorder=""0"" allowfullscreen="""" allow=""autoplay; clipboard-write; encrypted-media; fullscreen; picture-in-picture"" loading=""lazy""></iframe>","<iframe allow=""autoplay *; encrypted-media *; fullscreen *; clipboard-write"" frameborder=""0"" height=""175"" style=""width:100%;max-width:660px;overflow:hidden;border-radius:10px;"" sandbox=""allow-forms allow-popups allow-same-origin allow-scripts allow-storage-access-by-user-activation allow-top-navigation-by-user-activation"" src=""https://embed.music.apple.com/jp/song/hot-chocolate-feat-jerry-paper/1441586713""></iframe>",,
58,わたしの金曜日,角銅真実,oar,058日目の紹介文,/images/058.jpg,"<iframe src=""https://open.spotify.com/embed/track/4AdqdqFhX7dhixvdv4dKF3?utm_source=generator&theme=0"" width=""100%"" height=""152"" frameBorder=""0"" allowfullscreen="""" allow=""autoplay; clipboard-write; encrypted-media; fullscreen; picture-in-picture"" loading=""lazy""></iframe>","<iframe allow=""autoplay *; encrypted-media *; fullscreen *; clipboard-write"" frameborder=""0"" height=""175"" style=""width:100%;max-width:660px;overflow:hidden;border-radius:10px;"" sandbox=""allow-forms allow-popups allow-same-origin allow-scripts allow-storage-access-by-user-activation allow-top-navigation-by-user-activation"" src=""https://embed.music.apple.com/jp/song/%E3%82%8F%E3%81%9F%E3%81%97%E3%81%AE%E9%87%91%E6%9B%9C%E6%97%A5/1489681433""></iframe>",,
59,そいえば台湾,FUJIN CLUB,そいえば台湾,059日目の紹介文,/images/059.jpg,"<iframe src=""https://open.spotify.com/embed/track/2glfJbqTmhC2a4j9D03JjI?utm_source=generator&theme=0"" width=""100%"" height=""152"" frameBorder=""0"" allowfullscreen="""" allow=""autoplay; clipboard-write; encrypted-media; fullscreen; picture-in-picture"" loading=""lazy""></iframe>","<iframe allow=""autoplay *; encrypted-media *; fullscreen *; clipboard-write"" frameborder=""0"" height=""450"" style=""width:100%;max-width:660px;overflow:hidden;border-radius:10px;"" sandbox=""allow-forms allow-popups allow-same-origin allow-scripts allow-storage-access-by-user-activation allow-top-navigation-by-user-activation"" src=""https://embed.music.apple.com/jp/album/%E3%81%9D%E3%81%84%E3%81%88%E3%81%B0%E5%8F%B0%E6%B9%BE-single/1527511444""></iframe>",,
60,日曜日,Gestalt Girl,Amoeba,060日目の紹介文,/images/060.jpg,"<iframe src=""https://open.spotify.com/embed/track/76qEZzvd5OxeR5OcqongoY?utm_source=generator&theme=0"" width=""100%"" height=""152"" frameBorder=""0"" allowfullscreen="""" allow=""autoplay; clipboard-write; encrypted-media; fullscreen; picture-in-picture"" loading=""lazy""></iframe>","<iframe allow=""autoplay *; encrypted-media *; fullscreen *; clipboard-write"" frameborder=""0"" height=""175"" style=""width:100%;max-width:660px;overflow:hidden;border-radius:10px;"" sandbox=""allow-forms allow-popups allow-same-origin allow-scripts allow-storage-access-by-user-activation allow-top-navigation-by-user-activation"" src=""https://embed.music.apple.com/jp/song/%E6%97%A5%E6%9B%9C%E6%97%A5/1658007105""></iframe>",,
61,Theme from Goodbye Renaldo,Squarepusher,Feed Me Weird Things (Remastered),061日目の紹介文,/images/061.jpg,"<iframe src=""https://open.spotify.com/embed/track/0bd61FGOROWT8yN3wlYd0J?utm_source=generator&theme=0"" width=""100%"" height=""152"" frameBorder=""0"" allowfullscreen="""" allow=""autoplay; clipboard-write; encrypted-media; fullscreen; picture-in-picture"" loading=""lazy""></iframe>","<iframe allow=""autoplay *; encrypted-media *; fullscreen *; clipboard-write"" frameborder=""0"" height=""175"" style=""width:100%;max-width:660px;overflow:hidden;border-radius:10px;"" sandbox=""allow-forms allow-popups allow-same-origin allow-scripts allow-storage-access-by-user-activation allow-top-navigation-by-user-activation"" src=""https://embed.music.apple.com/jp/song/theme-from-goodbye-renaldo/1561919321""></iframe>",,
62,Cuando,Kiko Veneno,El Pimiento Indomable,062日目の紹介文,/images/062.jpg,"<iframe src=""https://open.spotify.com/embed/track/6sXoYZoT0vwYyVk9hj2LRv?utm_source=generator&theme=0"" width=""100%"" height=""152"" frameBorder=""0"" allowfullscreen="""" allow=""autoplay; clipboard-write; encrypted-media; fullscreen; picture-in-picture"" loading=""lazy""></iframe>","<iframe allow=""autoplay *; encrypted-media *; fullscreen *; clipboard-write"" frameborder=""0"" height=""175"" style=""width:100%;max-width:660px;overflow:hidden;border-radius:10px;"" sandbox=""allow-forms allow-popups allow-same-origin allow-scripts allow-storage-access-by-user-activation allow-top-navigation-by-user-activation"" src=""https://embed.music.apple.com/jp/song/cuando/920809143""></iframe>",,
63,Before The Dawn,Patrice Rushen,Before The Dawn (Deluxe Japanese Import Edition),063日目の紹介文,/images/063.jpg,"<iframe src=""https://open.spotify.com/embed/track/3ZP4fTXsJ2DfLqR5xG4aR4?utm_source=generator&theme=0"" width=""100%"" height=""152"" frameBorder=""0"" allowfullscreen="""" allow=""autoplay; clipboard-write; encrypted-media; fullscreen; picture-in-picture"" loading=""lazy""></iframe>","<iframe allow=""autoplay *; encrypted-media *; fullscreen *; clipboard-write"" frameborder=""0"" height=""175"" style=""width:100%;max-width:660px;overflow:hidden;border-radius:10px;"" sandbox=""allow-forms allow-popups allow-same-origin allow-scripts allow-storage-access-by-user-activation allow-top-navigation-by-user-activation"" src=""https://embed.music.apple.com/jp/song/before-the-dawn/1621629097""></iframe>",,
64,Brasil Pandeiro,Novos Baianos,Acabou Chorare,064日目の紹介文,/images/064.jpg,"<iframe src=""https://open.spotify.com/embed/track/2Er0f1mhO0g1rov9Cdi5Wk?utm_source=generator&theme=0"" width=""100%"" height=""152"" frameBorder=""0"" allowfullscreen="""" allow=""autoplay; clipboard-write; encrypted-media; fullscreen; picture-in-picture"" loading=""lazy""></iframe>","<iframe allow=""autoplay *; encrypted-media *; fullscreen *; clipboard-write"" frameborder=""0"" height=""175"" style=""width:100%;max-width:660px;overflow:hidden;border-radius:10px;"" sandbox=""allow-forms allow-popups allow-same-origin allow-scripts allow-storage-access-by-user-activation allow-top-navigation-by-user-activation"" src=""https://embed.music.apple.com/jp/song/brasil-pandeiro/1831607321""></iframe>",,
65,Freefall,Camel,Mirage,065日目の紹介文,/images/065.jpg,"<iframe src=""https://open.spotify.com/embed/track/0VLETiR8ft4wZHlCQf3UAf?utm_source=generator&theme=0"" width=""100%"" height=""152"" frameBorder=""0"" allowfullscreen="""" allow=""autoplay; clipboard-write; encrypted-media; fullscreen; picture-in-picture"" loading=""lazy""></iframe>","<iframe allow=""autoplay *; encrypted-media *; fullscreen *; clipboard-write"" frameborder=""0"" height=""175"" style=""width:100%;max-width:660px;overflow:hidden;border-radius:10px;"" sandbox=""allow-forms allow-popups allow-same-origin allow-scripts allow-storage-access-by-user-activation allow-top-navigation-by-user-activation"" src=""https://embed.music.apple.com/jp/song/freefall/1443266376""></iframe>",,
66,Italy,Samiyam,Wish You Were Here,066日目の紹介文,/images/066.jpg,"<iframe src=""https://open.spotify.com/embed/track/3BnWbAqFBVLojtST2KDeCf?utm_source=generator&theme=0"" width=""100%"" height=""152"" frameBorder=""0"" allowfullscreen="""" allow=""autoplay; clipboard-write; encrypted-media; fullscreen; picture-in-picture"" loading=""lazy""></iframe>","<iframe allow=""autoplay *; encrypted-media *; fullscreen *; clipboard-write"" frameborder=""0"" height=""175"" style=""width:100%;max-width:660px;overflow:hidden;border-radius:10px;"" sandbox=""allow-forms allow-popups allow-same-origin allow-scripts allow-storage-access-by-user-activation allow-top-navigation-by-user-activation"" src=""https://embed.music.apple.com/jp/song/italy/714616563""></iframe>",,
67,FANTAZIA,Roy Blair,GRAFFITI,067日目の紹介文,/images/067.jpg,"<iframe src=""https://open.spotify.com/embed/track/3FiVuR7bP0kiC1dBgMCXCI?utm_source=generator&theme=0"" width=""100%"" height=""152"" frameBorder=""0"" allowfullscreen="""" allow=""autoplay; clipboard-write; encrypted-media; fullscreen; picture-in-picture"" loading=""lazy""></iframe>","<iframe allow=""autoplay *; encrypted-media *; fullscreen *; clipboard-write"" frameborder=""0"" height=""175"" style=""width:100%;max-width:660px;overflow:hidden;border-radius:10px;"" sandbox=""allow-forms allow-popups allow-same-origin allow-scripts allow-storage-access-by-user-activation allow-top-navigation-by-user-activation"" src=""https://embed.music.apple.com/jp/song/fantazia/1765521815""></iframe>",,
68,ぼくたちの失敗,森田童子,ぼくたちの失敗,068日目の紹介文,/images/068.jpg,"<iframe src=""https://open.spotify.com/embed/track/3DmNouHfJFJWegkaguTOER?utm_source=generator&theme=0"" width=""100%"" height=""152"" frameBorder=""0"" allowfullscreen="""" allow=""autoplay; clipboard-write; encrypted-media; fullscreen; picture-in-picture"" loading=""lazy""></iframe>","<iframe allow=""autoplay *; encrypted-media *; fullscreen *; clipboard-write"" frameborder=""0"" height=""175"" style=""width:100%;max-width:660px;overflow:hidden;border-radius:10px;"" sandbox=""allow-forms allow-popups allow-same-origin allow-scripts allow-storage-access-by-user-activation allow-top-navigation-by-user-activation"" src=""https://embed.music.apple.com/jp/song/%E3%81%BC%E3%81%8F%E3%81%9F%E3%81%A1%E3%81%AE%E5%A4%B1%E6%95%97/1716544008""></iframe>",,
69,Mr. Dodo,Bert Joris,"Jazz Master Tracks, Vol. 3 (Octet Sessions)",069日目の紹介文,/images/069.jpg,"<iframe src=""https://open.spotify.com/embed/track/3Cymwox299JruJTXO61pSd?utm_source=generator&theme=0"" width=""100%"" height=""152"" frameBorder=""0"" allowfullscreen="""" allow=""autoplay; clipboard-write; encrypted-media; fullscreen; picture-in-picture"" loading=""lazy""></iframe>","<iframe allow=""autoplay *; encrypted-media *; fullscreen *; clipboard-write"" frameborder=""0"" height=""175"" style=""width:100%;max-width:660px;overflow:hidden;border-radius:10px;"" sandbox=""allow-forms allow-popups allow-same-origin allow-scripts allow-storage-access-by-user-activation allow-top-navigation-by-user-activation"" src=""https://embed.music.apple.com/jp/song/mr-dodo/1774197160""></iframe>",,
70,あなたから遠くへ,金延幸子,み空,070日目の紹介文,/images/070.jpg,"<iframe src=""https://open.spotify.com/embed/track/6hFK7qLwkhxcOZw3ywEq8l?utm_source=generator&theme=0"" width=""100%"" height=""152"" frameBorder=""0"" allowfullscreen="""" allow=""autoplay; clipboard-write; encrypted-media; fullscreen; picture-in-picture"" loading=""lazy""></iframe>","<iframe allow=""autoplay *; encrypted-media *; fullscreen *; clipboard-write"" frameborder=""0"" height=""175"" style=""width:100%;max-width:660px;overflow:hidden;border-radius:10px;"" sandbox=""allow-forms allow-popups allow-same-origin allow-scripts allow-storage-access-by-user-activation allow-top-navigation-by-user-activation"" src=""https://embed.music.apple.com/jp/song/%E3%81%82%E3%81%AA%E3%81%9F%E3%81%8B%E3%82%89%E9%81%A0%E3%81%8F%E3%81%B8/1674482555""></iframe>",,
71,Waters of March,Art Garfunkel,Breakaway,071日目の紹介文,/images/071.jpg,"<iframe src=""https://open.spotify.com/embed/track/0bgtlqjzKW4KXufOlzGsKT?utm_source=generator&theme=0"" width=""100%"" height=""152"" frameBorder=""0"" allowfullscreen="""" allow=""autoplay; clipboard-write; encrypted-media; fullscreen; picture-in-picture"" loading=""lazy""></iframe>","<iframe allow=""autoplay *; encrypted-media *; fullscreen *; clipboard-write"" frameborder=""0"" height=""175"" style=""width:100%;max-width:660px;overflow:hidden;border-radius:10px;"" sandbox=""allow-forms allow-popups allow-same-origin allow-scripts allow-storage-access-by-user-activation allow-top-navigation-by-user-activation"" src=""https://embed.music.apple.com/jp/song/waters-of-march/197977195""></iframe>",,
72,Over the Rainbow,Israel Kamakawiwo'ole,Alone In Iz World,072日目の紹介文,/images/072.jpg,"<iframe src=""https://open.spotify.com/embed/track/3oQomOPRNQ5NVFUmLJHbAV?utm_source=generator&theme=0"" width=""100%"" height=""152"" frameBorder=""0"" allowfullscreen="""" allow=""autoplay; clipboard-write; encrypted-media; fullscreen; picture-in-picture"" loading=""lazy""></iframe>","<iframe allow=""autoplay *; encrypted-media *; fullscreen *; clipboard-write"" frameborder=""0"" height=""175"" style=""width:100%;max-width:660px;overflow:hidden;border-radius:10px;"" sandbox=""allow-forms allow-popups allow-same-origin allow-scripts allow-storage-access-by-user-activation allow-top-navigation-by-user-activation"" src=""https://embed.music.apple.com/jp/song/somewhere-over-the-rainbow/6920394""></iframe>",,
73,グッドバイ,toe,New Sentimentality - EP,073日目の紹介文,/images/073.jpg,"<iframe src=""https://open.spotify.com/embed/track/0x7Tuf2Y9oKJJiD9iy1mka?utm_source=generator&theme=0"" width=""100%"" height=""152"" frameBorder=""0"" allowfullscreen="""" allow=""autoplay; clipboard-write; encrypted-media; fullscreen; picture-in-picture"" loading=""lazy""></iframe>","<iframe allow=""autoplay *; encrypted-media *; fullscreen *; clipboard-write"" frameborder=""0"" height=""175"" style=""width:100%;max-width:660px;overflow:hidden;border-radius:10px;"" sandbox=""allow-forms allow-popups allow-same-origin allow-scripts allow-storage-access-by-user-activation allow-top-navigation-by-user-activation"" src=""https://embed.music.apple.com/jp/song/%E3%82%B0%E3%83%83%E3%83%89%E3%83%90%E3%82%A4/205862599""></iframe>",,
74,Metrópole,Cesar Camargo Mariano,São Paulo - Brasil,074日目の紹介文,/images/074.jpg,"<iframe src=""https://open.spotify.com/embed/track/46MHSJrZKl92tIiD6rGBSB?utm_source=generator&theme=0"" width=""100%"" height=""152"" frameBorder=""0"" allowfullscreen="""" allow=""autoplay; clipboard-write; encrypted-media; fullscreen; picture-in-picture"" loading=""lazy""></iframe>","<iframe allow=""autoplay *; encrypted-media *; fullscreen *; clipboard-write"" frameborder=""0"" height=""175"" style=""width:100%;max-width:660px;overflow:hidden;border-radius:10px;"" sandbox=""allow-forms allow-popups allow-same-origin allow-scripts allow-storage-access-by-user-activation allow-top-navigation-by-user-activation"" src=""https://embed.music.apple.com/jp/song/metr%C3%B3pole/309659487""></iframe>",,
75,温泉街♨︎ feat.Kou-kei,ZETTAKUN,温泉街♨︎ feat.Kou-kei,075日目の紹介文,/images/075.jpg,"<iframe src=""https://open.spotify.com/embed/track/0UWu0C2CI0ZRGBvJgvlxVV?utm_source=generator&theme=0"" width=""100%"" height=""152"" frameBorder=""0"" allowfullscreen="""" allow=""autoplay; clipboard-write; encrypted-media; fullscreen; picture-in-picture"" loading=""lazy""></iframe>","<iframe allow=""autoplay *; encrypted-media *; fullscreen *; clipboard-write"" frameborder=""0"" height=""175"" style=""width:100%;max-width:660px;overflow:hidden;border-radius:10px;"" sandbox=""allow-forms allow-popups allow-same-origin allow-scripts allow-storage-access-by-user-activation allow-top-navigation-by-user-activation"" src=""https://embed.music.apple.com/jp/song/%E6%B8%A9%E6%B3%89%E8%A1%97-feat-kou-kei/1496129665""></iframe>",,
76,I'd Have You Anytime (2014 Remaster),George Harrison,All Things Must Pass (2014 Remaster),076日目の紹介文,/images/076.jpg,"<iframe src=""https://open.spotify.com/embed/track/7c37wgrjBNMnxAvGTXBJTT?utm_source=generator&theme=0"" width=""100%"" height=""152"" frameBorder=""0"" allowfullscreen="""" allow=""autoplay; clipboard-write; encrypted-media; fullscreen; picture-in-picture"" loading=""lazy""></iframe>","<iframe allow=""autoplay *; encrypted-media *; fullscreen *; clipboard-write"" frameborder=""0"" height=""175"" style=""width:100%;max-width:660px;overflow:hidden;border-radius:10px;"" sandbox=""allow-forms allow-popups allow-same-origin allow-scripts allow-storage-access-by-user-activation allow-top-navigation-by-user-activation"" src=""https://embed.music.apple.com/jp/song/id-have-you-anytime-2014-remaster/1710214324""></iframe>",,
77,Epistrophy,Theon Cross,Blue Note Re:imagined II,077日目の紹介文,/images/077.jpg,"<iframe src=""https://open.spotify.com/embed/track/6fZ7XePp0cgaQ4lsowEoG8?utm_source=generator&theme=0"" width=""100%"" height=""152"" frameBorder=""0"" allowfullscreen="""" allow=""autoplay; clipboard-write; encrypted-media; fullscreen; picture-in-picture"" loading=""lazy""></iframe>","<iframe allow=""autoplay *; encrypted-media *; fullscreen *; clipboard-write"" frameborder=""0"" height=""175"" style=""width:100%;max-width:660px;overflow:hidden;border-radius:10px;"" sandbox=""allow-forms allow-popups allow-same-origin allow-scripts allow-storage-access-by-user-activation allow-top-navigation-by-user-activation"" src=""https://embed.music.apple.com/jp/song/epistrophy/1635967035""></iframe>",,
78,Shimmy Shimmy Ya,Ol' Dirty Bastard,Return to the 36 Chambers: The Dirty Version,078日目の紹介文,/images/078.jpg,"<iframe src=""https://open.spotify.com/embed/track/3ABG1UQTk0eLYUAeWkmfMi?utm_source=generator&theme=0"" width=""100%"" height=""152"" frameBorder=""0"" allowfullscreen="""" allow=""autoplay; clipboard-write; encrypted-media; fullscreen; picture-in-picture"" loading=""lazy""></iframe>","<iframe allow=""autoplay *; encrypted-media *; fullscreen *; clipboard-write"" frameborder=""0"" height=""175"" style=""width:100%;max-width:660px;overflow:hidden;border-radius:10px;"" sandbox=""allow-forms allow-popups allow-same-origin allow-scripts allow-storage-access-by-user-activation allow-top-navigation-by-user-activation"" src=""https://embed.music.apple.com/jp/song/shimmy-shimmy-ya-2020-remaster/1500333420""></iframe>",,
79,心臓の扉,Mariah,うたかたの日々,079日目の紹介文,/images/079.jpg,"<iframe src=""https://open.spotify.com/embed/track/6asUhV1w2Zk1xMZvsp4xQy?utm_source=generator&theme=0"" width=""100%"" height=""152"" frameBorder=""0"" allowfullscreen="""" allow=""autoplay; clipboard-write; encrypted-media; fullscreen; picture-in-picture"" loading=""lazy""></iframe>","<iframe allow=""autoplay *; encrypted-media *; fullscreen *; clipboard-write"" frameborder=""0"" height=""175"" style=""width:100%;max-width:660px;overflow:hidden;border-radius:10px;"" sandbox=""allow-forms allow-popups allow-same-origin allow-scripts allow-storage-access-by-user-activation allow-top-navigation-by-user-activation"" src=""https://embed.music.apple.com/jp/song/%E5%BF%83%E8%87%93%E3%81%AE%E6%89%89/1472149509""></iframe>",,
80,回転扉の内側は春？,君島大空,映帶する煙,080日目の紹介文,/images/080.jpg,"<iframe src=""https://open.spotify.com/embed/track/40BTPvCEUlfwIh9auaK6A3?utm_source=generator&theme=0"" width=""100%"" height=""152"" frameBorder=""0"" allowfullscreen="""" allow=""autoplay; clipboard-write; encrypted-media; fullscreen; picture-in-picture"" loading=""lazy""></iframe>","<iframe allow=""autoplay *; encrypted-media *; fullscreen *; clipboard-write"" frameborder=""0"" height=""175"" style=""width:100%;max-width:660px;overflow:hidden;border-radius:10px;"" sandbox=""allow-forms allow-popups allow-same-origin allow-scripts allow-storage-access-by-user-activation allow-top-navigation-by-user-activation"" src=""https://embed.music.apple.com/jp/song/%E5%9B%9E%E8%BB%A2%E6%89%89%E3%81%AE%E5%86%85%E5%81%B4%E3%81%AF%E6%98%A5/1660689292""></iframe>",,
81,Touch (feat. Paul Williams),Daft Punk,Random Access Memories,081日目の紹介文,/images/081.jpg,"<iframe src=""https://open.spotify.com/embed/track/7oaEjLP2dTJLJsITbAxTOz?utm_source=generator&theme=0"" width=""100%"" height=""152"" frameBorder=""0"" allowfullscreen="""" allow=""autoplay; clipboard-write; encrypted-media; fullscreen; picture-in-picture"" loading=""lazy""></iframe>","<iframe allow=""autoplay *; encrypted-media *; fullscreen *; clipboard-write"" frameborder=""0"" height=""175"" style=""width:100%;max-width:660px;overflow:hidden;border-radius:10px;"" sandbox=""allow-forms allow-popups allow-same-origin allow-scripts allow-storage-access-by-user-activation allow-top-navigation-by-user-activation"" src=""https://embed.music.apple.com/jp/song/touch-2021-epilogue/1673536684""></iframe>",,
82,It's Not For Me To Say,Johnny Mathis,Johnny's Greatest Hits,082日目の紹介文,/images/082.jpg,"<iframe src=""https://open.spotify.com/embed/track/4lFXv6eBek6kEiGYzh2mH2?utm_source=generator&theme=0"" width=""100%"" height=""152"" frameBorder=""0"" allowfullscreen="""" allow=""autoplay; clipboard-write; encrypted-media; fullscreen; picture-in-picture"" loading=""lazy""></iframe>","<iframe allow=""autoplay *; encrypted-media *; fullscreen *; clipboard-write"" frameborder=""0"" height=""175"" style=""width:100%;max-width:660px;overflow:hidden;border-radius:10px;"" sandbox=""allow-forms allow-popups allow-same-origin allow-scripts allow-storage-access-by-user-activation allow-top-navigation-by-user-activation"" src=""https://embed.music.apple.com/jp/song/its-not-for-me-to-say/181453027""></iframe>",,
83,Come Back As A Flower,Stevie Wonder,Journey Through The Secret Life Of Plants,083日目の紹介文,/images/083.jpg,"<iframe src=""https://open.spotify.com/embed/track/0MFIPnbCCGAwWntsow7ijx?utm_source=generator&theme=0"" width=""100%"" height=""152"" frameBorder=""0"" allowfullscreen="""" allow=""autoplay; clipboard-write; encrypted-media; fullscreen; picture-in-picture"" loading=""lazy""></iframe>","<iframe allow=""autoplay *; encrypted-media *; fullscreen *; clipboard-write"" frameborder=""0"" height=""175"" style=""width:100%;max-width:660px;overflow:hidden;border-radius:10px;"" sandbox=""allow-forms allow-popups allow-same-origin allow-scripts allow-storage-access-by-user-activation allow-top-navigation-by-user-activation"" src=""https://embed.music.apple.com/jp/song/come-back-as-a-flower/1440857462""></iframe>",,
84,Hope For Happiness,Soft Machine,The Soft Machine (Remastered And Expanded),084日目の紹介文,/images/084.jpg,"<iframe src=""https://open.spotify.com/embed/track/4R7fnKGO9DRRychhhZybjk?utm_source=generator&theme=0"" width=""100%"" height=""152"" frameBorder=""0"" allowfullscreen="""" allow=""autoplay; clipboard-write; encrypted-media; fullscreen; picture-in-picture"" loading=""lazy""></iframe>","<iframe allow=""autoplay *; encrypted-media *; fullscreen *; clipboard-write"" frameborder=""0"" height=""175"" style=""width:100%;max-width:660px;overflow:hidden;border-radius:10px;"" sandbox=""allow-forms allow-popups allow-same-origin allow-scripts allow-storage-access-by-user-activation allow-top-navigation-by-user-activation"" src=""https://embed.music.apple.com/jp/song/%E5%B9%B8%E7%A6%8F%E3%81%B8%E3%81%AE%E9%A1%98%E3%81%84/1443939428""></iframe>",,
85,Weed Song,Bone Thugs-N-Harmony,BTNHRESURRECTION,085日目の紹介文,/images/085.jpg,"<iframe src=""https://open.spotify.com/embed/track/4gLro52WoEK40Y7CZn6mIK?utm_source=generator&theme=0"" width=""100%"" height=""152"" frameBorder=""0"" allowfullscreen="""" allow=""autoplay; clipboard-write; encrypted-media; fullscreen; picture-in-picture"" loading=""lazy""></iframe>","<iframe allow=""autoplay *; encrypted-media *; fullscreen *; clipboard-write"" frameborder=""0"" height=""175"" style=""width:100%;max-width:660px;overflow:hidden;border-radius:10px;"" sandbox=""allow-forms allow-popups allow-same-origin allow-scripts allow-storage-access-by-user-activation allow-top-navigation-by-user-activation"" src=""https://embed.music.apple.com/jp/song/weed-song/1168187372""></iframe>",,
86,Plastic Creek Stomp,Henry Franklin,The Skipper,086日目の紹介文,/images/086.jpg,"<iframe src=""https://open.spotify.com/embed/track/0WyzlJDDO0R7Fhk9SFE7RH?utm_source=generator&theme=0"" width=""100%"" height=""152"" frameBorder=""0"" allowfullscreen="""" allow=""autoplay; clipboard-write; encrypted-media; fullscreen; picture-in-picture"" loading=""lazy""></iframe>","<iframe allow=""autoplay *; encrypted-media *; fullscreen *; clipboard-write"" frameborder=""0"" height=""175"" style=""width:100%;max-width:660px;overflow:hidden;border-radius:10px;"" sandbox=""allow-forms allow-popups allow-same-origin allow-scripts allow-storage-access-by-user-activation allow-top-navigation-by-user-activation"" src=""https://embed.music.apple.com/jp/song/plastic-creek-stomp/1509138662""></iframe>",,
87,Virtual Insanity - Remastered 2013,Jamiroquai,Travelling Without Moving (Remastered),087日目の紹介文,/images/087.jpg,"<iframe src=""https://open.spotify.com/embed/track/2Bxt2qamL6iu0XN0Td484J?utm_source=generator&theme=0"" width=""100%"" height=""152"" frameBorder=""0"" allowfullscreen="""" allow=""autoplay; clipboard-write; encrypted-media; fullscreen; picture-in-picture"" loading=""lazy""></iframe>","<iframe allow=""autoplay *; encrypted-media *; fullscreen *; clipboard-write"" frameborder=""0"" height=""175"" style=""width:100%;max-width:660px;overflow:hidden;border-radius:10px;"" sandbox=""allow-forms allow-popups allow-same-origin allow-scripts allow-storage-access-by-user-activation allow-top-navigation-by-user-activation"" src=""https://embed.music.apple.com/jp/song/virtual-insanity-remastered/603752292""></iframe>",,
88,The Minx,The Cyrkle,The Minx (Original Soundtrack),088日目の紹介文,/images/088.jpg,"<iframe src=""https://open.spotify.com/embed/track/0KdLCqxvaeah6qC4WP7Iu5?utm_source=generator&theme=0"" width=""100%"" height=""152"" frameBorder=""0"" allowfullscreen="""" allow=""autoplay; clipboard-write; encrypted-media; fullscreen; picture-in-picture"" loading=""lazy""></iframe>","<iframe allow=""autoplay *; encrypted-media *; fullscreen *; clipboard-write"" frameborder=""0"" height=""175"" style=""width:100%;max-width:660px;overflow:hidden;border-radius:10px;"" sandbox=""allow-forms allow-popups allow-same-origin allow-scripts allow-storage-access-by-user-activation allow-top-navigation-by-user-activation"" src=""https://embed.music.apple.com/jp/song/the-minx/1621359062""></iframe>",,
89,LA MANERA,Versis,VíA DEL SOL,089日目の紹介文,/images/089.jpg,"<iframe src=""https://open.spotify.com/embed/track/3RM8oAcb8kk7kCatRW4tb2?utm_source=generator&theme=0"" width=""100%"" height=""152"" frameBorder=""0"" allowfullscreen="""" allow=""autoplay; clipboard-write; encrypted-media; fullscreen; picture-in-picture"" loading=""lazy""></iframe>","<iframe allow=""autoplay *; encrypted-media *; fullscreen *; clipboard-write"" frameborder=""0"" height=""175"" style=""width:100%;max-width:660px;overflow:hidden;border-radius:10px;"" sandbox=""allow-forms allow-popups allow-same-origin allow-scripts allow-storage-access-by-user-activation allow-top-navigation-by-user-activation"" src=""https://embed.music.apple.com/jp/song/la-manera/1601504519""></iframe>",,
90,Shut Em Down,Public Enemy,Apocalypse 91… The Enemy Strikes Black,090日目の紹介文,/images/090.jpg,"<iframe src=""https://open.spotify.com/embed/track/5Zm9vkQ65RowiZEMAJzNV9?utm_source=generator&theme=0"" width=""100%"" height=""152"" frameBorder=""0"" allowfullscreen="""" allow=""autoplay; clipboard-write; encrypted-media; fullscreen; picture-in-picture"" loading=""lazy""></iframe>","<iframe allow=""autoplay *; encrypted-media *; fullscreen *; clipboard-write"" frameborder=""0"" height=""175"" style=""width:100%;max-width:660px;overflow:hidden;border-radius:10px;"" sandbox=""allow-forms allow-popups allow-same-origin allow-scripts allow-storage-access-by-user-activation allow-top-navigation-by-user-activation"" src=""https://embed.music.apple.com/jp/song/%E3%82%B7%E3%83%A3%E3%83%83%E3%83%88-%E3%82%A8%E3%83%A0-%E3%83%80%E3%82%A6%E3%83%B3/1434919012""></iframe>",,
91,Isometric (Intro),Madeon,Adventure (Deluxe),091日目の紹介文,/images/091.jpg,"<iframe src=""https://open.spotify.com/embed/track/4RWeizdES94TbsDWSrQdLU?utm_source=generator&theme=0"" width=""100%"" height=""152"" frameBorder=""0"" allowfullscreen="""" allow=""autoplay; clipboard-write; encrypted-media; fullscreen; picture-in-picture"" loading=""lazy""></iframe>","<iframe allow=""autoplay *; encrypted-media *; fullscreen *; clipboard-write"" frameborder=""0"" height=""175"" style=""width:100%;max-width:660px;overflow:hidden;border-radius:10px;"" sandbox=""allow-forms allow-popups allow-same-origin allow-scripts allow-storage-access-by-user-activation allow-top-navigation-by-user-activation"" src=""https://embed.music.apple.com/jp/song/isometric-intro/955824967""></iframe>",,
92,Celebration,Kanye West,Late Registration,092日目の紹介文,/images/092.jpg,"<iframe src=""https://open.spotify.com/embed/track/7jAxGkXU58FwNMjqoMahn7?utm_source=generator&theme=0"" width=""100%"" height=""152"" frameBorder=""0"" allowfullscreen="""" allow=""autoplay; clipboard-write; encrypted-media; fullscreen; picture-in-picture"" loading=""lazy""></iframe>","<iframe allow=""autoplay *; encrypted-media *; fullscreen *; clipboard-write"" frameborder=""0"" height=""450"" style=""width:100%;max-width:660px;overflow:hidden;border-radius:10px;"" sandbox=""allow-forms allow-popups allow-same-origin allow-scripts allow-storage-access-by-user-activation allow-top-navigation-by-user-activation"" src=""https://embed.music.apple.com/jp/album/late-registration/1440763821""></iframe>",,
93,"Take the ""A"" Train",Duke Ellington,Jazz Profiles,093日目の紹介文,/images/093.jpg,"<iframe src=""https://open.spotify.com/embed/track/4p4XgwnZJCYOWSvz8ruiOY?utm_source=generator&theme=0"" width=""100%"" height=""152"" frameBorder=""0"" allowfullscreen="""" allow=""autoplay; clipboard-write; encrypted-media; fullscreen; picture-in-picture"" loading=""lazy""></iframe>","<iframe allow=""autoplay *; encrypted-media *; fullscreen *; clipboard-write"" frameborder=""0"" height=""175"" style=""width:100%;max-width:660px;overflow:hidden;border-radius:10px;"" sandbox=""allow-forms allow-popups allow-same-origin allow-scripts allow-storage-access-by-user-activation allow-top-navigation-by-user-activation"" src=""https://embed.music.apple.com/jp/song/take-the-a-train/204123464""></iframe>",,
94,The Late Show,SCHA DARA PARR,5th WHEEL 2 the COACH Standard of 90's,094日目の紹介文,/images/094.jpg,"<iframe src=""https://open.spotify.com/embed/track/6Pk50fAvdI5bdH2BFM1x0h?utm_source=generator&theme=0"" width=""100%"" height=""152"" frameBorder=""0"" allowfullscreen="""" allow=""autoplay; clipboard-write; encrypted-media; fullscreen; picture-in-picture"" loading=""lazy""></iframe>","<iframe allow=""autoplay *; encrypted-media *; fullscreen *; clipboard-write"" frameborder=""0"" height=""450"" style=""width:100%;max-width:660px;overflow:hidden;border-radius:10px;"" sandbox=""allow-forms allow-popups allow-same-origin allow-scripts allow-storage-access-by-user-activation allow-top-navigation-by-user-activation"" src=""https://embed.music.apple.com/jp/album/5th-wheel-2-the-coach/720515615""></iframe>",,
95,Third Wind,Pat Metheny Group,Still Life (Talking),095日目の紹介文,/images/095.jpg,"<iframe src=""https://open.spotify.com/embed/track/5SJj2zUSm9IEyJG7wo4np8?utm_source=generator&theme=0"" width=""100%"" height=""152"" frameBorder=""0"" allowfullscreen="""" allow=""autoplay; clipboard-write; encrypted-media; fullscreen; picture-in-picture"" loading=""lazy""></iframe>","<iframe allow=""autoplay *; encrypted-media *; fullscreen *; clipboard-write"" frameborder=""0"" height=""175"" style=""width:100%;max-width:660px;overflow:hidden;border-radius:10px;"" sandbox=""allow-forms allow-popups allow-same-origin allow-scripts allow-storage-access-by-user-activation allow-top-navigation-by-user-activation"" src=""https://embed.music.apple.com/jp/song/third-wind/1680822983""></iframe>",,
96,ANSWER SONG,Cymbals,午前８時の脱走計画,096日目の紹介文,/images/096.jpg,"<iframe src=""https://open.spotify.com/embed/track/2dhX8j6LsSfno13oZeqIsz?utm_source=generator&theme=0"" width=""100%"" height=""152"" frameBorder=""0"" allowfullscreen="""" allow=""autoplay; clipboard-write; encrypted-media; fullscreen; picture-in-picture"" loading=""lazy""></iframe>","<iframe allow=""autoplay *; encrypted-media *; fullscreen *; clipboard-write"" frameborder=""0"" height=""175"" style=""width:100%;max-width:660px;overflow:hidden;border-radius:10px;"" sandbox=""allow-forms allow-popups allow-same-origin allow-scripts allow-storage-access-by-user-activation allow-top-navigation-by-user-activation"" src=""https://embed.music.apple.com/jp/song/answer-song/1720673983""></iframe>",,
97,Tuesday,Télépopmusik,Angel Milk,097日目の紹介文,/images/097.jpg,"<iframe src=""https://open.spotify.com/embed/track/3c3o7Q0bN6kEIboYdiOCrb?utm_source=generator&theme=0"" width=""100%"" height=""152"" frameBorder=""0"" allowfullscreen="""" allow=""autoplay; clipboard-write; encrypted-media; fullscreen; picture-in-picture"" loading=""lazy""></iframe>","<iframe allow=""autoplay *; encrypted-media *; fullscreen *; clipboard-write"" frameborder=""0"" height=""175"" style=""width:100%;max-width:660px;overflow:hidden;border-radius:10px;"" sandbox=""allow-forms allow-popups allow-same-origin allow-scripts allow-storage-access-by-user-activation allow-top-navigation-by-user-activation"" src=""https://embed.music.apple.com/jp/song/tuesday-feat-mau/1367386144""></iframe>",,
98,in 20XX,Dos Monos,Dos City,098日目の紹介文,/images/098.jpg,"<iframe src=""https://open.spotify.com/embed/track/3gyq2g9Ps4yQFxbj5yxKPD?utm_source=generator&theme=0"" width=""100%"" height=""152"" frameBorder=""0"" allowfullscreen="""" allow=""autoplay; clipboard-write; encrypted-media; fullscreen; picture-in-picture"" loading=""lazy""></iframe>","<iframe allow=""autoplay *; encrypted-media *; fullscreen *; clipboard-write"" frameborder=""0"" height=""175"" style=""width:100%;max-width:660px;overflow:hidden;border-radius:10px;"" sandbox=""allow-forms allow-popups allow-same-origin allow-scripts allow-storage-access-by-user-activation allow-top-navigation-by-user-activation"" src=""https://embed.music.apple.com/jp/song/in-20xx/1452976100""></iframe>",,
99,"21st Century Schizoid Man - Including ""Mirrors""",King Crimson,In The Court Of The Crimson King (Expanded & Remastered Original Album Mix),099日目の紹介文,/images/099.jpg,"<iframe src=""https://open.spotify.com/embed/track/2MfrET7Nc3StKQcGoZKqr9?utm_source=generator&theme=0"" width=""100%"" height=""152"" frameBorder=""0"" allowfullscreen="""" allow=""autoplay; clipboard-write; encrypted-media; fullscreen; picture-in-picture"" loading=""lazy""></iframe>","<iframe allow=""autoplay *; encrypted-media *; fullscreen *; clipboard-write"" frameborder=""0"" height=""175"" style=""width:100%;max-width:660px;overflow:hidden;border-radius:10px;"" sandbox=""allow-forms allow-popups allow-same-origin allow-scripts allow-storage-access-by-user-activation allow-top-navigation-by-user-activation"" src=""https://embed.music.apple.com/jp/song/21st-century-schizoid-man-including-mirrors/918534776""></iframe>",,
100,Seasons of Love,Rosario Dawson,RENT (Original Motion Picture Soundtrack),100日目の紹介文,/images/100.jpg,"<iframe src=""https://open.spotify.com/embed/track/5gw8HNcrqliEw0X6pPrPvG?utm_source=generator&theme=0"" width=""100%"" height=""152"" frameBorder=""0"" allowfullscreen="""" allow=""autoplay; clipboard-write; encrypted-media; fullscreen; picture-in-picture"" loading=""lazy""></iframe>","<iframe allow=""autoplay *; encrypted-media *; fullscreen *; clipboard-write"" frameborder=""0"" height=""175"" style=""width:100%;max-width:660px;overflow:hidden;border-radius:10px;"" sandbox=""allow-forms allow-popups allow-same-origin allow-scripts allow-storage-access-by-user-activation allow-top-navigation-by-user-activation"" src=""https://embed.music.apple.com/jp/song/seasons-of-love/80446140""></iframe>",,
101,Brown Skin,PARTYNEXTDOOR,PARTYNEXTDOOR 3 (P3),101日目の紹介文,/images/101.jpg,"<iframe src=""https://open.spotify.com/embed/track/5lNkkcArjQnPUTZ1bzmPAj?utm_source=generator&theme=0"" width=""100%"" height=""152"" frameBorder=""0"" allowfullscreen="""" allow=""autoplay; clipboard-write; encrypted-media; fullscreen; picture-in-picture"" loading=""lazy""></iframe>","<iframe allow=""autoplay *; encrypted-media *; fullscreen *; clipboard-write"" frameborder=""0"" height=""175"" style=""width:100%;max-width:660px;overflow:hidden;border-radius:10px;"" sandbox=""allow-forms allow-popups allow-same-origin allow-scripts allow-storage-access-by-user-activation allow-top-navigation-by-user-activation"" src=""https://embed.music.apple.com/jp/song/brown-skin/1662166415""></iframe>",,
102,My Brain,Mose Allison,The Way Of The World,102日目の紹介文,/images/102.jpg,"<iframe src=""https://open.spotify.com/embed/track/5TbL2yYGvicMC1aLAJsOjr?utm_source=generator&theme=0"" width=""100%"" height=""152"" frameBorder=""0"" allowfullscreen="""" allow=""autoplay; clipboard-write; encrypted-media; fullscreen; picture-in-picture"" loading=""lazy""></iframe>","<iframe allow=""autoplay *; encrypted-media *; fullscreen *; clipboard-write"" frameborder=""0"" height=""175"" style=""width:100%;max-width:660px;overflow:hidden;border-radius:10px;"" sandbox=""allow-forms allow-popups allow-same-origin allow-scripts allow-storage-access-by-user-activation allow-top-navigation-by-user-activation"" src=""https://embed.music.apple.com/jp/song/my-brain/1485015555""></iframe>",,
103,City,MonyHorse,TBOA JOURNEY,103日目の紹介文,/images/103.jpg,"<iframe src=""https://open.spotify.com/embed/track/4Ry9bV2POWJk7t7qipHw4l?utm_source=generator&theme=0"" width=""100%"" height=""152"" frameBorder=""0"" allowfullscreen="""" allow=""autoplay; clipboard-write; encrypted-media; fullscreen; picture-in-picture"" loading=""lazy""></iframe>","<iframe allow=""autoplay *; encrypted-media *; fullscreen *; clipboard-write"" frameborder=""0"" height=""175"" style=""width:100%;max-width:660px;overflow:hidden;border-radius:10px;"" sandbox=""allow-forms allow-popups allow-same-origin allow-scripts allow-storage-access-by-user-activation allow-top-navigation-by-user-activation"" src=""https://embed.music.apple.com/jp/song/city/1482487389""></iframe>",,
104,Não Tem Nada Não,Marcos Valle,Previsão Do Tempo,104日目の紹介文,/images/104.jpg,"<iframe src=""https://open.spotify.com/embed/track/4W3kBwsjFLcfa1Wm8qLijJ?utm_source=generator&theme=0"" width=""100%"" height=""152"" frameBorder=""0"" allowfullscreen="""" allow=""autoplay; clipboard-write; encrypted-media; fullscreen; picture-in-picture"" loading=""lazy""></iframe>","<iframe allow=""autoplay *; encrypted-media *; fullscreen *; clipboard-write"" frameborder=""0"" height=""175"" style=""width:100%;max-width:660px;overflow:hidden;border-radius:10px;"" sandbox=""allow-forms allow-popups allow-same-origin allow-scripts allow-storage-access-by-user-activation allow-top-navigation-by-user-activation"" src=""https://embed.music.apple.com/jp/song/n%C3%A3o-tem-nada-n%C3%A3o/1593468621""></iframe>",,
105,Do Re Mi,Citrobal,My Caution Line,105日目の紹介文,/images/105.jpg,"<iframe src=""https://open.spotify.com/embed/track/44qgp8XH8PNdkNADG4UuOQ?utm_source=generator&theme=0"" width=""100%"" height=""152"" frameBorder=""0"" allowfullscreen="""" allow=""autoplay; clipboard-write; encrypted-media; fullscreen; picture-in-picture"" loading=""lazy""></iframe>","<iframe allow=""autoplay *; encrypted-media *; fullscreen *; clipboard-write"" frameborder=""0"" height=""175"" style=""width:100%;max-width:660px;overflow:hidden;border-radius:10px;"" sandbox=""allow-forms allow-popups allow-same-origin allow-scripts allow-storage-access-by-user-activation allow-top-navigation-by-user-activation"" src=""https://embed.music.apple.com/jp/song/do-re-mi/1585661356""></iframe>",,
106,Pony,Deluxe,Polishing Peanuts EP,106日目の紹介文,/images/106.jpg,"<iframe src=""https://open.spotify.com/embed/track/6xVfTx01TnGrzH1mqXfOmf?utm_source=generator&theme=0"" width=""100%"" height=""152"" frameBorder=""0"" allowfullscreen="""" allow=""autoplay; clipboard-write; encrypted-media; fullscreen; picture-in-picture"" loading=""lazy""></iframe>","<iframe allow=""autoplay *; encrypted-media *; fullscreen *; clipboard-write"" frameborder=""0"" height=""175"" style=""width:100%;max-width:660px;overflow:hidden;border-radius:10px;"" sandbox=""allow-forms allow-popups allow-same-origin allow-scripts allow-storage-access-by-user-activation allow-top-navigation-by-user-activation"" src=""https://embed.music.apple.com/jp/song/pony/480658896""></iframe>",,
107,Troubles,Keanu Silva,Troubles,107日目の紹介文,/images/107.jpg,"<iframe src=""https://open.spotify.com/embed/track/34bBxVPBD0hDDDSXlagENT?utm_source=generator&theme=0"" width=""100%"" height=""152"" frameBorder=""0"" allowfullscreen="""" allow=""autoplay; clipboard-write; encrypted-media; fullscreen; picture-in-picture"" loading=""lazy""></iframe>","<iframe allow=""autoplay *; encrypted-media *; fullscreen *; clipboard-write"" frameborder=""0"" height=""175"" style=""width:100%;max-width:660px;overflow:hidden;border-radius:10px;"" sandbox=""allow-forms allow-popups allow-same-origin allow-scripts allow-storage-access-by-user-activation allow-top-navigation-by-user-activation"" src=""https://embed.music.apple.com/jp/song/troubles/1824463500""></iframe>",,
108,HARU,パジャマで海なんかいかない,HARU,108日目の紹介文,/images/108.jpg,"<iframe src=""https://open.spotify.com/embed/track/5JhwlmQCauaK3cxXXRo5wz?utm_source=generator&theme=0"" width=""100%"" height=""152"" frameBorder=""0"" allowfullscreen="""" allow=""autoplay; clipboard-write; encrypted-media; fullscreen; picture-in-picture"" loading=""lazy""></iframe>","<iframe allow=""autoplay *; encrypted-media *; fullscreen *; clipboard-write"" frameborder=""0"" height=""175"" style=""width:100%;max-width:660px;overflow:hidden;border-radius:10px;"" sandbox=""allow-forms allow-popups allow-same-origin allow-scripts allow-storage-access-by-user-activation allow-top-navigation-by-user-activation"" src=""https://embed.music.apple.com/jp/song/haru/1499813911""></iframe>",パジャマで海なんかいかない,HARU
109,モンキー・マジック,ゴダイゴ,モンキー・マジック,109日目の紹介文,/images/109.jpg,"<iframe src=""https://open.spotify.com/embed/track/3pVjpCmLz96YYh33YBKMdG?utm_source=generator&theme=0"" width=""100%"" height=""152"" frameBorder=""0"" allowfullscreen="""" allow=""autoplay; clipboard-write; encrypted-media; fullscreen; picture-in-picture"" loading=""lazy""></iframe>","<iframe allow=""autoplay *; encrypted-media *; fullscreen *; clipboard-write"" frameborder=""0"" height=""175"" style=""width:100%;max-width:660px;overflow:hidden;border-radius:10px;"" sandbox=""allow-forms allow-popups allow-same-origin allow-scripts allow-storage-access-by-user-activation allow-top-navigation-by-user-activation"" src=""https://embed.music.apple.com/jp/song/monkey-magic-%E3%82%B7%E3%83%B3-%E3%83%9F%E3%83%83%E3%82%AF%E3%82%B9/1594343516""></iframe>",Godiego,モンキー・マジック
110,(Exchange),Massive Attack,Mezzanine,110日目の紹介文,/images/110.jpg,"<iframe src=""https://open.spotify.com/embed/track/2A5Cl0fxSJDGs7SC3fryhR?utm_source=generator&theme=0"" width=""100%"" height=""152"" frameBorder=""0"" allowfullscreen="""" allow=""autoplay; clipboard-write; encrypted-media; fullscreen; picture-in-picture"" loading=""lazy""></iframe>","<iframe allow=""autoplay *; encrypted-media *; fullscreen *; clipboard-write"" frameborder=""0"" height=""175"" style=""width:100%;max-width:660px;overflow:hidden;border-radius:10px;"" sandbox=""allow-forms allow-popups allow-same-origin allow-scripts allow-storage-access-by-user-activation allow-top-navigation-by-user-activation"" src=""https://embed.music.apple.com/jp/song/exchange/724467179""></iframe>",Massive Attack,Mezzanine
111,Ode to an African Violet,Mort Garson,Mother Earth's Plantasia,111日目の紹介文,/images/111.jpg,"<iframe src=""https://open.spotify.com/embed/track/3XJYJVFiiC785DuFqVdhbQ?utm_source=generator&theme=0"" width=""100%"" height=""152"" frameBorder=""0"" allowfullscreen="""" allow=""autoplay; clipboard-write; encrypted-media; fullscreen; picture-in-picture"" loading=""lazy""></iframe>","<iframe allow=""autoplay *; encrypted-media *; fullscreen *; clipboard-write"" frameborder=""0"" height=""175"" style=""width:100%;max-width:660px;overflow:hidden;border-radius:10px;"" sandbox=""allow-forms allow-popups allow-same-origin allow-scripts allow-storage-access-by-user-activation allow-top-navigation-by-user-activation"" src=""https://embed.music.apple.com/jp/song/ode-to-an-african-violet/1454691600""></iframe>",,
112,マシマロ,奥田民生,GOLDBLEND,112日目の紹介文,/images/112.jpg,"<iframe src=""https://open.spotify.com/embed/track/6hVD3Je4gKL35Mpe3qvWUL?utm_source=generator&theme=0"" width=""100%"" height=""152"" frameBorder=""0"" allowfullscreen="""" allow=""autoplay; clipboard-write; encrypted-media; fullscreen; picture-in-picture"" loading=""lazy""></iframe>","<iframe allow=""autoplay *; encrypted-media *; fullscreen *; clipboard-write"" frameborder=""0"" height=""175"" style=""width:100%;max-width:660px;overflow:hidden;border-radius:10px;"" sandbox=""allow-forms allow-popups allow-same-origin allow-scripts allow-storage-access-by-user-activation allow-top-navigation-by-user-activation"" src=""https://embed.music.apple.com/jp/song/%E3%83%9E%E3%82%B7%E3%83%9E%E3%83%AD/1537357845""></iframe>",,
113,Chega De Saudade,Antônio Carlos Jobim,Inédito,113日目の紹介文,/images/113.jpg,"<iframe src=""https://open.spotify.com/embed/track/3vNwY4KaBRnJP4G6UBJPZH?utm_source=generator&theme=0"" width=""100%"" height=""152"" frameBorder=""0"" allowfullscreen="""" allow=""autoplay; clipboard-write; encrypted-media; fullscreen; picture-in-picture"" loading=""lazy""></iframe>","<iframe allow=""autoplay *; encrypted-media *; fullscreen *; clipboard-write"" frameborder=""0"" height=""175"" style=""width:100%;max-width:660px;overflow:hidden;border-radius:10px;"" sandbox=""allow-forms allow-popups allow-same-origin allow-scripts allow-storage-access-by-user-activation allow-top-navigation-by-user-activation"" src=""https://embed.music.apple.com/jp/song/chega-de-saudade-1987-vers%C3%A3o/258043111""></iframe>",,
114,Spa,Faberyayo,Das Drama,114日目の紹介文,/images/114.jpg,"<iframe src=""https://open.spotify.com/embed/track/6DzQgMJBrrRVPWZU9qcMDS?utm_source=generator&theme=0"" width=""100%"" height=""152"" frameBorder=""0"" allowfullscreen="""" allow=""autoplay; clipboard-write; encrypted-media; fullscreen; picture-in-picture"" loading=""lazy""></iframe>","<iframe allow=""autoplay *; encrypted-media *; fullscreen *; clipboard-write"" frameborder=""0"" height=""175"" style=""width:100%;max-width:660px;overflow:hidden;border-radius:10px;"" sandbox=""allow-forms allow-popups allow-same-origin allow-scripts allow-storage-access-by-user-activation allow-top-navigation-by-user-activation"" src=""https://embed.music.apple.com/jp/song/spa/1523031800""></iframe>",,
115,tron_new_rose_hifi_v2,Toro y Moi,Soul Trash,115日目の紹介文,/images/115.jpg,"<iframe src=""https://open.spotify.com/embed/track/6fJjZlZNMmKZ1Hgq5APgS0?utm_source=generator&theme=0"" width=""100%"" height=""152"" frameBorder=""0"" allowfullscreen="""" allow=""autoplay; clipboard-write; encrypted-media; fullscreen; picture-in-picture"" loading=""lazy""></iframe>","<iframe allow=""autoplay *; encrypted-media *; fullscreen *; clipboard-write"" frameborder=""0"" height=""175"" style=""width:100%;max-width:660px;overflow:hidden;border-radius:10px;"" sandbox=""allow-forms allow-popups allow-same-origin allow-scripts allow-storage-access-by-user-activation allow-top-navigation-by-user-activation"" src=""https://embed.music.apple.com/jp/song/tron-new-rose-hifi-v2-feat-old-grape-god/1583617458""></iframe>",,
116,It Could Happen To You,Bill Evans,Some Other Time: The Lost Session From The Black Forest,116日目の紹介文,/images/116.jpg,"<iframe src=""https://open.spotify.com/embed/track/3xMijPsrakO8SsBkvo1J2c?utm_source=generator&theme=0"" width=""100%"" height=""152"" frameBorder=""0"" allowfullscreen="""" allow=""autoplay; clipboard-write; encrypted-media; fullscreen; picture-in-picture"" loading=""lazy""></iframe>","<iframe allow=""autoplay *; encrypted-media *; fullscreen *; clipboard-write"" frameborder=""0"" height=""175"" style=""width:100%;max-width:660px;overflow:hidden;border-radius:10px;"" sandbox=""allow-forms allow-popups allow-same-origin allow-scripts allow-storage-access-by-user-activation allow-top-navigation-by-user-activation"" src=""https://embed.music.apple.com/jp/song/it-could-happen-to-you/1090257346""></iframe>",,
117,You Got The Love,Rufus & Chaka Khan,Rags To Rufus,117日目の紹介文,/images/117.jpg,"<iframe src=""https://open.spotify.com/embed/track/4y1vMFRC4T2P43ovfvOor7?utm_source=generator&theme=0"" width=""100%"" height=""152"" frameBorder=""0"" allowfullscreen="""" allow=""autoplay; clipboard-write; encrypted-media; fullscreen; picture-in-picture"" loading=""lazy""></iframe>","<iframe allow=""autoplay *; encrypted-media *; fullscreen *; clipboard-write"" frameborder=""0"" height=""175"" style=""width:100%;max-width:660px;overflow:hidden;border-radius:10px;"" sandbox=""allow-forms allow-popups allow-same-origin allow-scripts allow-storage-access-by-user-activation allow-top-navigation-by-user-activation"" src=""https://embed.music.apple.com/jp/song/you-got-the-love-feat-chaka-khan/1444100909""></iframe>",,
118,The Place Where He Inserted the Blade,"Black Country, New Road",Ants From Up There,118日目の紹介文,/images/118.jpg,"<iframe src=""https://open.spotify.com/embed/track/3k2kIiJqUiIP49iUcOLpWT?utm_source=generator&theme=0"" width=""100%"" height=""152"" frameBorder=""0"" allowfullscreen="""" allow=""autoplay; clipboard-write; encrypted-media; fullscreen; picture-in-picture"" loading=""lazy""></iframe>","<iframe allow=""autoplay *; encrypted-media *; fullscreen *; clipboard-write"" frameborder=""0"" height=""175"" style=""width:100%;max-width:660px;overflow:hidden;border-radius:10px;"" sandbox=""allow-forms allow-popups allow-same-origin allow-scripts allow-storage-access-by-user-activation allow-top-navigation-by-user-activation"" src=""https://embed.music.apple.com/jp/song/the-place-where-he-inserted-the-blade/1619391099""></iframe>",,
119,House of the Rising Sun,The Animals,The Singles Plus,119日目の紹介文,/images/119.jpg,"<iframe src=""https://open.spotify.com/embed/track/4mn2kNTqiGLwaUR8JdhJ1l?utm_source=generator&theme=0"" width=""100%"" height=""152"" frameBorder=""0"" allowfullscreen="""" allow=""autoplay; clipboard-write; encrypted-media; fullscreen; picture-in-picture"" loading=""lazy""></iframe>","<iframe allow=""autoplay *; encrypted-media *; fullscreen *; clipboard-write"" frameborder=""0"" height=""175"" style=""width:100%;max-width:660px;overflow:hidden;border-radius:10px;"" sandbox=""allow-forms allow-popups allow-same-origin allow-scripts allow-storage-access-by-user-activation allow-top-navigation-by-user-activation"" src=""https://embed.music.apple.com/jp/song/the-house-of-the-rising-sun/726189776""></iframe>",,
120,Maria Ninguém,Bola Sete,É a Bola da Vez,120日目の紹介文,/images/120.jpg,"<iframe src=""https://open.spotify.com/embed/track/2HiTZGRdelUrnKRDXOVdhU?utm_source=generator&theme=0"" width=""100%"" height=""152"" frameBorder=""0"" allowfullscreen="""" allow=""autoplay; clipboard-write; encrypted-media; fullscreen; picture-in-picture"" loading=""lazy""></iframe>","<iframe allow=""autoplay *; encrypted-media *; fullscreen *; clipboard-write"" frameborder=""0"" height=""175"" style=""width:100%;max-width:660px;overflow:hidden;border-radius:10px;"" sandbox=""allow-forms allow-popups allow-same-origin allow-scripts allow-storage-access-by-user-activation allow-top-navigation-by-user-activation"" src=""https://embed.music.apple.com/jp/song/maria-ningu%C3%A9m/879053745""></iframe>",,
121,しらいき,高木正勝,かがやき,121日目の紹介文,/images/121.jpg,"<iframe src=""https://open.spotify.com/embed/track/18kzSrvapnN9HYzaxVuBPU?utm_source=generator&theme=0"" width=""100%"" height=""152"" frameBorder=""0"" allowfullscreen="""" allow=""autoplay; clipboard-write; encrypted-media; fullscreen; picture-in-picture"" loading=""lazy""></iframe>","<iframe allow=""autoplay *; encrypted-media *; fullscreen *; clipboard-write"" frameborder=""0"" height=""175"" style=""width:100%;max-width:660px;overflow:hidden;border-radius:10px;"" sandbox=""allow-forms allow-popups allow-same-origin allow-scripts allow-storage-access-by-user-activation allow-top-navigation-by-user-activation"" src=""https://embed.music.apple.com/jp/song/%E3%81%97%E3%82%89%E3%81%84%E3%81%8D/1446000429""></iframe>",,
122,ベッテン・フォールズ,cero,POLY LIFE MULTI SOUL,122日目の紹介文,/images/122.jpg,"<iframe src=""https://open.spotify.com/embed/track/0fCUAAXKRvvmdkVLAfWa6G?utm_source=generator&theme=0"" width=""100%"" height=""152"" frameBorder=""0"" allowfullscreen="""" allow=""autoplay; clipboard-write; encrypted-media; fullscreen; picture-in-picture"" loading=""lazy""></iframe>","<iframe allow=""autoplay *; encrypted-media *; fullscreen *; clipboard-write"" frameborder=""0"" height=""175"" style=""width:100%;max-width:660px;overflow:hidden;border-radius:10px;"" sandbox=""allow-forms allow-popups allow-same-origin allow-scripts allow-storage-access-by-user-activation allow-top-navigation-by-user-activation"" src=""https://embed.music.apple.com/jp/song/%E3%83%99%E3%83%83%E3%83%86%E3%83%B3-%E3%83%95%E3%82%A9%E3%83%BC%E3%83%AB%E3%82%BA/1374694269""></iframe>",,
123,The Lion Turtle,Oded Tzur,Isabela,123日目の紹介文,/images/123.jpg,"<iframe src=""https://open.spotify.com/embed/track/0LQKlroHqWPDZvPBOX5zaP?utm_source=generator&theme=0"" width=""100%"" height=""152"" frameBorder=""0"" allowfullscreen="""" allow=""autoplay; clipboard-write; encrypted-media; fullscreen; picture-in-picture"" loading=""lazy""></iframe>","<iframe allow=""autoplay *; encrypted-media *; fullscreen *; clipboard-write"" frameborder=""0"" height=""175"" style=""width:100%;max-width:660px;overflow:hidden;border-radius:10px;"" sandbox=""allow-forms allow-popups allow-same-origin allow-scripts allow-storage-access-by-user-activation allow-top-navigation-by-user-activation"" src=""https://embed.music.apple.com/jp/song/the-lion-turtle/1615386381""></iframe>",,
124,Assaji,JUMADIBA,Assaji,124日目の紹介文,/images/124.jpg,"<iframe src=""https://open.spotify.com/embed/track/2FgniUupl243ZSvQUVCHsw?utm_source=generator&theme=0"" width=""100%"" height=""152"" frameBorder=""0"" allowfullscreen="""" allow=""autoplay; clipboard-write; encrypted-media; fullscreen; picture-in-picture"" loading=""lazy""></iframe>","<iframe allow=""autoplay *; encrypted-media *; fullscreen *; clipboard-write"" frameborder=""0"" height=""175"" style=""width:100%;max-width:660px;overflow:hidden;border-radius:10px;"" sandbox=""allow-forms allow-popups allow-same-origin allow-scripts allow-storage-access-by-user-activation allow-top-navigation-by-user-activation"" src=""https://embed.music.apple.com/jp/song/assaji/1668355984""></iframe>",,
125,Thousand Knives,Ryuichi Sakamoto,/05,125日目の紹介文,/images/125.jpg,"<iframe src=""https://open.spotify.com/embed/track/1RtCljQMPiRxIPg40DViBk?utm_source=generator&theme=0"" width=""100%"" height=""152"" frameBorder=""0"" allowfullscreen="""" allow=""autoplay; clipboard-write; encrypted-media; fullscreen; picture-in-picture"" loading=""lazy""></iframe>","<iframe allow=""autoplay *; encrypted-media *; fullscreen *; clipboard-write"" frameborder=""0"" height=""450"" style=""width:100%;max-width:660px;overflow:hidden;border-radius:10px;"" sandbox=""allow-forms allow-popups allow-same-origin allow-scripts allow-storage-access-by-user-activation allow-top-navigation-by-user-activation"" src=""https://embed.music.apple.com/jp/album/05/81902097""></iframe>",,
126,Les règles,Chassol,Ludi,126日目の紹介文,/images/126.jpg,"<iframe src=""https://open.spotify.com/embed/track/2tmdEzSWnZsn9jHNBsjcTD?utm_source=generator&theme=0"" width=""100%"" height=""152"" frameBorder=""0"" allowfullscreen="""" allow=""autoplay; clipboard-write; encrypted-media; fullscreen; picture-in-picture"" loading=""lazy""></iframe>","<iframe allow=""autoplay *; encrypted-media *; fullscreen *; clipboard-write"" frameborder=""0"" height=""175"" style=""width:100%;max-width:660px;overflow:hidden;border-radius:10px;"" sandbox=""allow-forms allow-popups allow-same-origin allow-scripts allow-storage-access-by-user-activation allow-top-navigation-by-user-activation"" src=""https://embed.music.apple.com/jp/song/les-r%C3%A8gles/1496394060""></iframe>",,
127,Gal,Shai Maestro,The Road to Ithaca,127日目の紹介文,/images/127.jpg,"<iframe src=""https://open.spotify.com/embed/track/0j8QLJ5g5LMw83Z5LJt42w?utm_source=generator&theme=0"" width=""100%"" height=""152"" frameBorder=""0"" allowfullscreen="""" allow=""autoplay; clipboard-write; encrypted-media; fullscreen; picture-in-picture"" loading=""lazy""></iframe>","<iframe allow=""autoplay *; encrypted-media *; fullscreen *; clipboard-write"" frameborder=""0"" height=""175"" style=""width:100%;max-width:660px;overflow:hidden;border-radius:10px;"" sandbox=""allow-forms allow-popups allow-same-origin allow-scripts allow-storage-access-by-user-activation allow-top-navigation-by-user-activation"" src=""https://embed.music.apple.com/jp/song/gal/954881487""></iframe>",,
128,Aquarius,Boards of Canada,Music Has The Right To Children,128日目の紹介文,/images/128.jpg,"<iframe src=""https://open.spotify.com/embed/track/08EgS4Nqe1jPkI9tx9Dq3S?utm_source=generator&theme=0"" width=""100%"" height=""152"" frameBorder=""0"" allowfullscreen="""" allow=""autoplay; clipboard-write; encrypted-media; fullscreen; picture-in-picture"" loading=""lazy""></iframe>","<iframe allow=""autoplay *; encrypted-media *; fullscreen *; clipboard-write"" frameborder=""0"" height=""175"" style=""width:100%;max-width:660px;overflow:hidden;border-radius:10px;"" sandbox=""allow-forms allow-popups allow-same-origin allow-scripts allow-storage-access-by-user-activation allow-top-navigation-by-user-activation"" src=""https://embed.music.apple.com/jp/song/aquarius/258605300""></iframe>",,
129,Varsity,Smith Westerns,Soft Will,129日目の紹介文,/images/129.jpg,"<iframe src=""https://open.spotify.com/embed/track/7fgDRz74xiRgdUTFYdskfB?utm_source=generator&theme=0"" width=""100%"" height=""152"" frameBorder=""0"" allowfullscreen="""" allow=""autoplay; clipboard-write; encrypted-media; fullscreen; picture-in-picture"" loading=""lazy""></iframe>","<iframe allow=""autoplay *; encrypted-media *; fullscreen *; clipboard-write"" frameborder=""0"" height=""175"" style=""width:100%;max-width:660px;overflow:hidden;border-radius:10px;"" sandbox=""allow-forms allow-popups allow-same-origin allow-scripts allow-storage-access-by-user-activation allow-top-navigation-by-user-activation"" src=""https://embed.music.apple.com/jp/song/varsity/1720496619""></iframe>",,
130,シークレットシークレット,Perfume,GAME,130日目の紹介文,/images/130.jpg,"<iframe src=""https://open.spotify.com/embed/track/6JbpbQF6NxJgzKE0vmlmdY?utm_source=generator&theme=0"" width=""100%"" height=""152"" frameBorder=""0"" allowfullscreen="""" allow=""autoplay; clipboard-write; encrypted-media; fullscreen; picture-in-picture"" loading=""lazy""></iframe>","<iframe allow=""autoplay *; encrypted-media *; fullscreen *; clipboard-write"" frameborder=""0"" height=""175"" style=""width:100%;max-width:660px;overflow:hidden;border-radius:10px;"" sandbox=""allow-forms allow-popups allow-same-origin allow-scripts allow-storage-access-by-user-activation allow-top-navigation-by-user-activation"" src=""https://embed.music.apple.com/jp/song/%E3%82%B7%E3%83%BC%E3%82%AF%E3%83%AC%E3%83%83%E3%83%88%E3%82%B7%E3%83%BC%E3%82%AF%E3%83%AC%E3%83%83%E3%83%88/657666321""></iframe>",,
131,TECHNOVA,TOWA TEI,FUTURE LISTENING!,131日目の紹介文,/images/131.jpg,"<iframe src=""https://open.spotify.com/embed/track/1e2M83FZ6T13KjSFSWpNmg?utm_source=generator&theme=0"" width=""100%"" height=""152"" frameBorder=""0"" allowfullscreen="""" allow=""autoplay; clipboard-write; encrypted-media; fullscreen; picture-in-picture"" loading=""lazy""></iframe>","<iframe allow=""autoplay *; encrypted-media *; fullscreen *; clipboard-write"" frameborder=""0"" height=""175"" style=""width:100%;max-width:660px;overflow:hidden;border-radius:10px;"" sandbox=""allow-forms allow-popups allow-same-origin allow-scripts allow-storage-access-by-user-activation allow-top-navigation-by-user-activation"" src=""https://embed.music.apple.com/jp/song/technova/1743190880""></iframe>",,
132,気い狂て,Inu,メシ喰うな！,132日目の紹介文,/images/132.jpg,"<iframe src=""https://open.spotify.com/embed/track/7JddpYBuI87gYZBKibFTHe?utm_source=generator&theme=0"" width=""100%"" height=""152"" frameBorder=""0"" allowfullscreen="""" allow=""autoplay; clipboard-write; encrypted-media; fullscreen; picture-in-picture"" loading=""lazy""></iframe>","<iframe allow=""autoplay *; encrypted-media *; fullscreen *; clipboard-write"" frameborder=""0"" height=""175"" style=""width:100%;max-width:660px;overflow:hidden;border-radius:10px;"" sandbox=""allow-forms allow-popups allow-same-origin allow-scripts allow-storage-access-by-user-activation allow-top-navigation-by-user-activation"" src=""https://embed.music.apple.com/jp/song/%E6%B0%97%E3%81%84%E7%8B%82%E3%81%A6/990127952""></iframe>",,
133,Here I Go,Syd Barrett,The Madcap Laughs,133日目の紹介文,/images/133.jpg,"<iframe src=""https://open.spotify.com/embed/track/2lGujFVgZ3OfWYxdTltdye?utm_source=generator&theme=0"" width=""100%"" height=""152"" frameBorder=""0"" allowfullscreen="""" allow=""autoplay; clipboard-write; encrypted-media; fullscreen; picture-in-picture"" loading=""lazy""></iframe>","<iframe allow=""autoplay *; encrypted-media *; fullscreen *; clipboard-write"" frameborder=""0"" height=""175"" style=""width:100%;max-width:660px;overflow:hidden;border-radius:10px;"" sandbox=""allow-forms allow-popups allow-same-origin allow-scripts allow-storage-access-by-user-activation allow-top-navigation-by-user-activation"" src=""https://embed.music.apple.com/jp/song/here-i-go/1111646317""></iframe>",,
134,I'm So Tired,Fugazi,Instrument Soundtrack,134日目の紹介文,/images/134.jpg,"<iframe src=""https://open.spotify.com/embed/track/6JgHKt0WwdwlXIht6M0mqa?utm_source=generator&theme=0"" width=""100%"" height=""152"" frameBorder=""0"" allowfullscreen="""" allow=""autoplay; clipboard-write; encrypted-media; fullscreen; picture-in-picture"" loading=""lazy""></iframe>","<iframe allow=""autoplay *; encrypted-media *; fullscreen *; clipboard-write"" frameborder=""0"" height=""175"" style=""width:100%;max-width:660px;overflow:hidden;border-radius:10px;"" sandbox=""allow-forms allow-popups allow-same-origin allow-scripts allow-storage-access-by-user-activation allow-top-navigation-by-user-activation"" src=""https://embed.music.apple.com/jp/song/im-so-tired/49250219""></iframe>",,
135,All Day Sucker,Stevie Wonder,Songs In The Key Of Life,135日目の紹介文,/images/135.jpg,"<iframe src=""https://open.spotify.com/embed/track/3acOX53ZUy4N11zEvNa7N6?utm_source=generator&theme=0"" width=""100%"" height=""152"" frameBorder=""0"" allowfullscreen="""" allow=""autoplay; clipboard-write; encrypted-media; fullscreen; picture-in-picture"" loading=""lazy""></iframe>","<iframe allow=""autoplay *; encrypted-media *; fullscreen *; clipboard-write"" frameborder=""0"" height=""175"" style=""width:100%;max-width:660px;overflow:hidden;border-radius:10px;"" sandbox=""allow-forms allow-popups allow-same-origin allow-scripts allow-storage-access-by-user-activation allow-top-navigation-by-user-activation"" src=""https://embed.music.apple.com/jp/song/all-day-sucker/1440788759""></iframe>",,
136,Flying Teapot - Remastered 2018,Gong,Flying Teapot (Deluxe Edition),136日目の紹介文,/images/136.jpg,"<iframe src=""https://open.spotify.com/embed/track/2LsqWGzYPEMB7SoZRqtKOF?utm_source=generator&theme=0"" width=""100%"" height=""152"" frameBorder=""0"" allowfullscreen="""" allow=""autoplay; clipboard-write; encrypted-media; fullscreen; picture-in-picture"" loading=""lazy""></iframe>","<iframe allow=""autoplay *; encrypted-media *; fullscreen *; clipboard-write"" frameborder=""0"" height=""175"" style=""width:100%;max-width:660px;overflow:hidden;border-radius:10px;"" sandbox=""allow-forms allow-popups allow-same-origin allow-scripts allow-storage-access-by-user-activation allow-top-navigation-by-user-activation"" src=""https://embed.music.apple.com/jp/song/flying-teapot-remastered-2018/1473137071""></iframe>",,
137,Runnin',The Pharcyde,Labcabincalifornia (Deluxe Edition),137日目の紹介文,/images/137.jpg,"<iframe src=""https://open.spotify.com/embed/track/0XgpiStoxq1IJncYlPrvZ5?utm_source=generator&theme=0"" width=""100%"" height=""152"" frameBorder=""0"" allowfullscreen="""" allow=""autoplay; clipboard-write; encrypted-media; fullscreen; picture-in-picture"" loading=""lazy""></iframe>","<iframe allow=""autoplay *; encrypted-media *; fullscreen *; clipboard-write"" frameborder=""0"" height=""175"" style=""width:100%;max-width:660px;overflow:hidden;border-radius:10px;"" sandbox=""allow-forms allow-popups allow-same-origin allow-scripts allow-storage-access-by-user-activation allow-top-navigation-by-user-activation"" src=""https://embed.music.apple.com/jp/song/runnin/1440952372""></iframe>",,
138,塀までひとっとび,Sadistic Mika Band,黒船,138日目の紹介文,/images/138.jpg,"<iframe src=""https://open.spotify.com/embed/track/0L868YZo1HPdxLbOLxr3WY?utm_source=generator&theme=0"" width=""100%"" height=""152"" frameBorder=""0"" allowfullscreen="""" allow=""autoplay; clipboard-write; encrypted-media; fullscreen; picture-in-picture"" loading=""lazy""></iframe>","<iframe allow=""autoplay *; encrypted-media *; fullscreen *; clipboard-write"" frameborder=""0"" height=""175"" style=""width:100%;max-width:660px;overflow:hidden;border-radius:10px;"" sandbox=""allow-forms allow-popups allow-same-origin allow-scripts allow-storage-access-by-user-activation allow-top-navigation-by-user-activation"" src=""https://embed.music.apple.com/jp/song/%E5%A1%80%E3%81%BE%E3%81%A7%E3%81%B2%E3%81%A8%E3%81%A3%E3%81%A8%E3%81%B3/720330500""></iframe>",,
139,Amor Mio,Frank Sark,Latin Crooners,139日目の紹介文,/images/139.jpg,"<iframe src=""https://open.spotify.com/embed/track/7DOqLMSxTh1s3WPTyqJ2pw?utm_source=generator&theme=0"" width=""100%"" height=""152"" frameBorder=""0"" allowfullscreen="""" allow=""autoplay; clipboard-write; encrypted-media; fullscreen; picture-in-picture"" loading=""lazy""></iframe>","<iframe allow=""autoplay *; encrypted-media *; fullscreen *; clipboard-write"" frameborder=""0"" height=""175"" style=""width:100%;max-width:660px;overflow:hidden;border-radius:10px;"" sandbox=""allow-forms allow-popups allow-same-origin allow-scripts allow-storage-access-by-user-activation allow-top-navigation-by-user-activation"" src=""https://embed.music.apple.com/jp/song/amor-mio-main/1707931821""></iframe>",,
140,Nia (Poem: Complete the Circle),JuJu,Chapter Two: Nia,140日目の紹介文,/images/140.jpg,"<iframe src=""https://open.spotify.com/embed/track/4XcuAljZ9F9QwkegpGWwJE?utm_source=generator&theme=0"" width=""100%"" height=""152"" frameBorder=""0"" allowfullscreen="""" allow=""autoplay; clipboard-write; encrypted-media; fullscreen; picture-in-picture"" loading=""lazy""></iframe>","<iframe allow=""autoplay *; encrypted-media *; fullscreen *; clipboard-write"" frameborder=""0"" height=""175"" style=""width:100%;max-width:660px;overflow:hidden;border-radius:10px;"" sandbox=""allow-forms allow-popups allow-same-origin allow-scripts allow-storage-access-by-user-activation allow-top-navigation-by-user-activation"" src=""https://embed.music.apple.com/jp/song/nia-poem-complete-the-circle/1519075095""></iframe>",,
141,Shelter,Porter Robinson,Shelter,141日目の紹介文,/images/141.jpg,"<iframe src=""https://open.spotify.com/embed/track/75ss2WW3Wi3nrm8yYcF1eq?utm_source=generator&theme=0"" width=""100%"" height=""152"" frameBorder=""0"" allowfullscreen="""" allow=""autoplay; clipboard-write; encrypted-media; fullscreen; picture-in-picture"" loading=""lazy""></iframe>","<iframe allow=""autoplay *; encrypted-media *; fullscreen *; clipboard-write"" frameborder=""0"" height=""175"" style=""width:100%;max-width:660px;overflow:hidden;border-radius:10px;"" sandbox=""allow-forms allow-popups allow-same-origin allow-scripts allow-storage-access-by-user-activation allow-top-navigation-by-user-activation"" src=""https://embed.music.apple.com/jp/song/%E3%82%B7%E3%82%A7%E3%83%AB%E3%82%BF%E3%83%BC/1537316602""></iframe>",,
142,Lucille,Little Richard,The Essential Little Richard,142日目の紹介文,/images/142.jpg,"<iframe src=""https://open.spotify.com/embed/track/1YuvAZ445u1tbegYi8u34i?utm_source=generator&theme=0"" width=""100%"" height=""152"" frameBorder=""0"" allowfullscreen="""" allow=""autoplay; clipboard-write; encrypted-media; fullscreen; picture-in-picture"" loading=""lazy""></iframe>","<iframe allow=""autoplay *; encrypted-media *; fullscreen *; clipboard-write"" frameborder=""0"" height=""175"" style=""width:100%;max-width:660px;overflow:hidden;border-radius:10px;"" sandbox=""allow-forms allow-popups allow-same-origin allow-scripts allow-storage-access-by-user-activation allow-top-navigation-by-user-activation"" src=""https://embed.music.apple.com/jp/song/lucille-remastered/1552122514""></iframe>",,
143,The Cisco Kid,War,Greatest Hits,143日目の紹介文,/images/143.jpg,"<iframe src=""https://open.spotify.com/embed/track/1c0ShGrrj3m04rrOWrWFEH?utm_source=generator&theme=0"" width=""100%"" height=""152"" frameBorder=""0"" allowfullscreen="""" allow=""autoplay; clipboard-write; encrypted-media; fullscreen; picture-in-picture"" loading=""lazy""></iframe>","<iframe allow=""autoplay *; encrypted-media *; fullscreen *; clipboard-write"" frameborder=""0"" height=""175"" style=""width:100%;max-width:660px;overflow:hidden;border-radius:10px;"" sandbox=""allow-forms allow-popups allow-same-origin allow-scripts allow-storage-access-by-user-activation allow-top-navigation-by-user-activation"" src=""https://embed.music.apple.com/jp/song/the-cisco-kid/1202377447""></iframe>",,
144,Sticky,Les Sins,Michael,144日目の紹介文,/images/144.jpg,"<iframe src=""https://open.spotify.com/embed/track/4dhGNQzqLwnQLSumli1D9y?utm_source=generator&theme=0"" width=""100%"" height=""152"" frameBorder=""0"" allowfullscreen="""" allow=""autoplay; clipboard-write; encrypted-media; fullscreen; picture-in-picture"" loading=""lazy""></iframe>","<iframe allow=""autoplay *; encrypted-media *; fullscreen *; clipboard-write"" frameborder=""0"" height=""175"" style=""width:100%;max-width:660px;overflow:hidden;border-radius:10px;"" sandbox=""allow-forms allow-popups allow-same-origin allow-scripts allow-storage-access-by-user-activation allow-top-navigation-by-user-activation"" src=""https://embed.music.apple.com/jp/song/sticky/1583501856""></iframe>",,
145,Fun Time,DJ Quads,Fun Time,145日目の紹介文,/images/145.jpg,"<iframe src=""https://open.spotify.com/embed/track/3FIN4JSNF4nogDUHdNbSPi?utm_source=generator&theme=0"" width=""100%"" height=""152"" frameBorder=""0"" allowfullscreen="""" allow=""autoplay; clipboard-write; encrypted-media; fullscreen; picture-in-picture"" loading=""lazy""></iframe>","<iframe allow=""autoplay *; encrypted-media *; fullscreen *; clipboard-write"" frameborder=""0"" height=""175"" style=""width:100%;max-width:660px;overflow:hidden;border-radius:10px;"" sandbox=""allow-forms allow-popups allow-same-origin allow-scripts allow-storage-access-by-user-activation allow-top-navigation-by-user-activation"" src=""https://embed.music.apple.com/jp/song/fun-time/1762307751""></iframe>",,
146,五番街のマリ−へ,ペドロ&カプリシャス,決定盤ペドロ＆カプリシャスVol.2,146日目の紹介文,/images/146.jpg,"<iframe src=""https://open.spotify.com/embed/track/2oczN7g7yHMny4jAdMLKTh?utm_source=generator&theme=0"" width=""100%"" height=""152"" frameBorder=""0"" allowfullscreen="""" allow=""autoplay; clipboard-write; encrypted-media; fullscreen; picture-in-picture"" loading=""lazy""></iframe>","<iframe allow=""autoplay *; encrypted-media *; fullscreen *; clipboard-write"" frameborder=""0"" height=""175"" style=""width:100%;max-width:660px;overflow:hidden;border-radius:10px;"" sandbox=""allow-forms allow-popups allow-same-origin allow-scripts allow-storage-access-by-user-activation allow-top-navigation-by-user-activation"" src=""https://embed.music.apple.com/jp/song/%E4%BA%94%E7%95%AA%E8%A1%97%E3%81%AE%E3%83%9E%E3%83%AA%E3%83%BC%E3%81%B8/254526612""></iframe>",,
147,Time Today,Kero Kero Bonito,Time 'n' Place,147日目の紹介文,/images/147.jpg,"<iframe src=""https://open.spotify.com/embed/track/5IC6vLYGJH6OwVxYOBEVOk?utm_source=generator&theme=0"" width=""100%"" height=""152"" frameBorder=""0"" allowfullscreen="""" allow=""autoplay; clipboard-write; encrypted-media; fullscreen; picture-in-picture"" loading=""lazy""></iframe>","<iframe allow=""autoplay *; encrypted-media *; fullscreen *; clipboard-write"" frameborder=""0"" height=""175"" style=""width:100%;max-width:660px;overflow:hidden;border-radius:10px;"" sandbox=""allow-forms allow-popups allow-same-origin allow-scripts allow-storage-access-by-user-activation allow-top-navigation-by-user-activation"" src=""https://embed.music.apple.com/jp/song/time-today/1436707550""></iframe>",,
148,Endomorph (Dedicated to My Parents) - Remastered,Allan Holdsworth,Secrets (Remastered),148日目の紹介文,/images/148.jpg,"<iframe src=""https://open.spotify.com/embed/track/0SABHIluO0dmvUUYpn0o6q?utm_source=generator&theme=0"" width=""100%"" height=""152"" frameBorder=""0"" allowfullscreen="""" allow=""autoplay; clipboard-write; encrypted-media; fullscreen; picture-in-picture"" loading=""lazy""></iframe>","<iframe allow=""autoplay *; encrypted-media *; fullscreen *; clipboard-write"" frameborder=""0"" height=""175"" style=""width:100%;max-width:660px;overflow:hidden;border-radius:10px;"" sandbox=""allow-forms allow-popups allow-same-origin allow-scripts allow-storage-access-by-user-activation allow-top-navigation-by-user-activation"" src=""https://embed.music.apple.com/jp/song/endomorph-dedicated-to-my-parents/1213099385""></iframe>",,
149,You're Everything,Chick Corea,Light As A Feather,149日目の紹介文,/images/149.jpg,"<iframe src=""https://open.spotify.com/embed/track/1ezz4zLDNIrtjul2PnWf46?utm_source=generator&theme=0"" width=""100%"" height=""152"" frameBorder=""0"" allowfullscreen="""" allow=""autoplay; clipboard-write; encrypted-media; fullscreen; picture-in-picture"" loading=""lazy""></iframe>","<iframe allow=""autoplay *; encrypted-media *; fullscreen *; clipboard-write"" frameborder=""0"" height=""175"" style=""width:100%;max-width:660px;overflow:hidden;border-radius:10px;"" sandbox=""allow-forms allow-popups allow-same-origin allow-scripts allow-storage-access-by-user-activation allow-top-navigation-by-user-activation"" src=""https://embed.music.apple.com/jp/song/youre-everything/1443203584""></iframe>",,
150,Must Be Love,Yung Bae,Bae 5,150日目の紹介文,/images/150.jpg,"<iframe src=""https://open.spotify.com/embed/track/6WM20TAVzBHm6ehSmbvrJy?utm_source=generator&theme=0"" width=""100%"" height=""152"" frameBorder=""0"" allowfullscreen="""" allow=""autoplay; clipboard-write; encrypted-media; fullscreen; picture-in-picture"" loading=""lazy""></iframe>","<iframe allow=""autoplay *; encrypted-media *; fullscreen *; clipboard-write"" frameborder=""0"" height=""175"" style=""width:100%;max-width:660px;overflow:hidden;border-radius:10px;"" sandbox=""allow-forms allow-popups allow-same-origin allow-scripts allow-storage-access-by-user-activation allow-top-navigation-by-user-activation"" src=""https://embed.music.apple.com/jp/song/must-be-love/1643027212""></iframe>",,
151,やめられないなぜか,Shintaro Sakamoto,ナマで踊ろう,151日目の紹介文,/images/151.jpg,"<iframe src=""https://open.spotify.com/embed/track/1rJ3YdRgu9Ed6d2kF6bhWp?utm_source=generator&theme=0"" width=""100%"" height=""152"" frameBorder=""0"" allowfullscreen="""" allow=""autoplay; clipboard-write; encrypted-media; fullscreen; picture-in-picture"" loading=""lazy""></iframe>","<iframe allow=""autoplay *; encrypted-media *; fullscreen *; clipboard-write"" frameborder=""0"" height=""175"" style=""width:100%;max-width:660px;overflow:hidden;border-radius:10px;"" sandbox=""allow-forms allow-popups allow-same-origin allow-scripts allow-storage-access-by-user-activation allow-top-navigation-by-user-activation"" src=""https://embed.music.apple.com/jp/song/%E3%82%84%E3%82%81%E3%82%89%E3%82%8C%E3%81%AA%E3%81%84%E3%81%AA%E3%81%9C%E3%81%8B/888567342""></iframe>",,
152,Re:Re:　(2006 横浜アリーナ),ASIAN KUNG-FU GENERATION,フィードバックファイル,152日目の紹介文,/images/152.jpg,"<iframe src=""https://open.spotify.com/embed/track/1dm6htqEq0WloaU5TCFBhj?utm_source=generator&theme=0"" width=""100%"" height=""152"" frameBorder=""0"" allowfullscreen="""" allow=""autoplay; clipboard-write; encrypted-media; fullscreen; picture-in-picture"" loading=""lazy""></iframe>","<iframe allow=""autoplay *; encrypted-media *; fullscreen *; clipboard-write"" frameborder=""0"" height=""175"" style=""width:100%;max-width:660px;overflow:hidden;border-radius:10px;"" sandbox=""allow-forms allow-popups allow-same-origin allow-scripts allow-storage-access-by-user-activation allow-top-navigation-by-user-activation"" src=""https://embed.music.apple.com/jp/song/re-re-2006-%E6%A8%AA%E6%B5%9C%E3%82%A2%E3%83%AA%E3%83%BC%E3%83%8A-live/1536368076""></iframe>",,
153,Lusaka By Night,John Wizards,John Wizards,153日目の紹介文,/images/153.jpg,"<iframe src=""https://open.spotify.com/embed/track/1skcULZDguUhHKbHBiFVfQ?utm_source=generator&theme=0"" width=""100%"" height=""152"" frameBorder=""0"" allowfullscreen="""" allow=""autoplay; clipboard-write; encrypted-media; fullscreen; picture-in-picture"" loading=""lazy""></iframe>","<iframe allow=""autoplay *; encrypted-media *; fullscreen *; clipboard-write"" frameborder=""0"" height=""175"" style=""width:100%;max-width:660px;overflow:hidden;border-radius:10px;"" sandbox=""allow-forms allow-popups allow-same-origin allow-scripts allow-storage-access-by-user-activation allow-top-navigation-by-user-activation"" src=""https://embed.music.apple.com/jp/song/lusaka-by-night/708754364""></iframe>",,
154,Melody,Oliver Heldens,Melody,154日目の紹介文,/images/154.jpg,"<iframe src=""https://open.spotify.com/embed/track/6QkMSZ1mcr6Ysw9e7fpyM8?utm_source=generator&theme=0"" width=""100%"" height=""152"" frameBorder=""0"" allowfullscreen="""" allow=""autoplay; clipboard-write; encrypted-media; fullscreen; picture-in-picture"" loading=""lazy""></iframe>","<iframe allow=""autoplay *; encrypted-media *; fullscreen *; clipboard-write"" frameborder=""0"" height=""175"" style=""width:100%;max-width:660px;overflow:hidden;border-radius:10px;"" sandbox=""allow-forms allow-popups allow-same-origin allow-scripts allow-storage-access-by-user-activation allow-top-navigation-by-user-activation"" src=""https://embed.music.apple.com/jp/song/melody/1346085936""></iframe>",,
155,翠星交響楽 I章　黎明 ― [プロローグ]（Chaos）,芸能山城組,翠星交響楽,155日目の紹介文,/images/155.jpg,"<iframe src=""https://open.spotify.com/embed/track/3f165fyhpqGxNg2C8XwtS0?utm_source=generator&theme=0"" width=""100%"" height=""152"" frameBorder=""0"" allowfullscreen="""" allow=""autoplay; clipboard-write; encrypted-media; fullscreen; picture-in-picture"" loading=""lazy""></iframe>","<iframe allow=""autoplay *; encrypted-media *; fullscreen *; clipboard-write"" frameborder=""0"" height=""175"" style=""width:100%;max-width:660px;overflow:hidden;border-radius:10px;"" sandbox=""allow-forms allow-popups allow-same-origin allow-scripts allow-storage-access-by-user-activation allow-top-navigation-by-user-activation"" src=""https://embed.music.apple.com/jp/song/%E7%BF%A0%E6%98%9F%E4%BA%A4%E9%9F%BF%E6%A5%BD-i%E7%AB%A0-%E9%BB%8E%E6%98%8E-%E3%83%97%E3%83%AD%E3%83%AD%E3%83%BC%E3%82%B0-chaos/1800649666""></iframe>",,
156,Managua,Finis Africae,Finis Africae,156日目の紹介文,/images/156.jpg,"<iframe src=""https://open.spotify.com/embed/track/6ZynVOp0GWVCCV5qZkENNv?utm_source=generator&theme=0"" width=""100%"" height=""152"" frameBorder=""0"" allowfullscreen="""" allow=""autoplay; clipboard-write; encrypted-media; fullscreen; picture-in-picture"" loading=""lazy""></iframe>","<iframe allow=""autoplay *; encrypted-media *; fullscreen *; clipboard-write"" frameborder=""0"" height=""175"" style=""width:100%;max-width:660px;overflow:hidden;border-radius:10px;"" sandbox=""allow-forms allow-popups allow-same-origin allow-scripts allow-storage-access-by-user-activation allow-top-navigation-by-user-activation"" src=""https://embed.music.apple.com/jp/song/managua/530968198""></iframe>",,
157,Lazy Summer Day,Yung Lean,Lazy Summer Day / Chinese Restaurant,157日目の紹介文,/images/157.jpg,"<iframe src=""https://open.spotify.com/embed/track/6ND3HuPxTJzFcRpyAAvhpL?utm_source=generator&theme=0"" width=""100%"" height=""152"" frameBorder=""0"" allowfullscreen="""" allow=""autoplay; clipboard-write; encrypted-media; fullscreen; picture-in-picture"" loading=""lazy""></iframe>","<iframe allow=""autoplay *; encrypted-media *; fullscreen *; clipboard-write"" frameborder=""0"" height=""175"" style=""width:100%;max-width:660px;overflow:hidden;border-radius:10px;"" sandbox=""allow-forms allow-popups allow-same-origin allow-scripts allow-storage-access-by-user-activation allow-top-navigation-by-user-activation"" src=""https://embed.music.apple.com/jp/song/lazy-summer-day/1640262335""></iframe>",,
158,Pirão e Colher de Pau,Os Originais Do Samba,Os Originais do Samba,158日目の紹介文,/images/158.jpg,"<iframe src=""https://open.spotify.com/embed/track/003tAbQ3DbNEg0cQUhm75L?utm_source=generator&theme=0"" width=""100%"" height=""152"" frameBorder=""0"" allowfullscreen="""" allow=""autoplay; clipboard-write; encrypted-media; fullscreen; picture-in-picture"" loading=""lazy""></iframe>","<iframe allow=""autoplay *; encrypted-media *; fullscreen *; clipboard-write"" frameborder=""0"" height=""175"" style=""width:100%;max-width:660px;overflow:hidden;border-radius:10px;"" sandbox=""allow-forms allow-popups allow-same-origin allow-scripts allow-storage-access-by-user-activation allow-top-navigation-by-user-activation"" src=""https://embed.music.apple.com/jp/song/pir%C3%A3o-e-colher-de-pau/1611245996""></iframe>",,
159,Less - Afrojack Remix,Elise Eriksen,Less (Afrojack Remix),159日目の紹介文,/images/159.jpg,"<iframe src=""https://open.spotify.com/embed/track/5Qk0WjtehiyJMcFAYhtge4?utm_source=generator&theme=0"" width=""100%"" height=""152"" frameBorder=""0"" allowfullscreen="""" allow=""autoplay; clipboard-write; encrypted-media; fullscreen; picture-in-picture"" loading=""lazy""></iframe>","<iframe allow=""autoplay *; encrypted-media *; fullscreen *; clipboard-write"" frameborder=""0"" height=""175"" style=""width:100%;max-width:660px;overflow:hidden;border-radius:10px;"" sandbox=""allow-forms allow-popups allow-same-origin allow-scripts allow-storage-access-by-user-activation allow-top-navigation-by-user-activation"" src=""https://embed.music.apple.com/jp/song/less-feat-shoffy-afrojack-remix/1561622799""></iframe>",,
160,SIMOON,Tokyo Ska Paradise Orchestra,TRIBUTE TO YMO,160日目の紹介文,/images/160.jpg,"<iframe src=""https://open.spotify.com/embed/track/0xyqy5aU52Zp3uYP5qqUnr?utm_source=generator&theme=0"" width=""100%"" height=""152"" frameBorder=""0"" allowfullscreen="""" allow=""autoplay; clipboard-write; encrypted-media; fullscreen; picture-in-picture"" loading=""lazy""></iframe>","<iframe allow=""autoplay *; encrypted-media *; fullscreen *; clipboard-write"" frameborder=""0"" height=""175"" style=""width:100%;max-width:660px;overflow:hidden;border-radius:10px;"" sandbox=""allow-forms allow-popups allow-same-origin allow-scripts allow-storage-access-by-user-activation allow-top-navigation-by-user-activation"" src=""https://embed.music.apple.com/jp/song/simoon/1465068500""></iframe>",,
161,Nakameguro,Benny Sings,Beat Tape,161日目の紹介文,/images/161.jpg,"<iframe src=""https://open.spotify.com/embed/track/0v7EEPmuO1igfhu6YaidDr?utm_source=generator&theme=0"" width=""100%"" height=""152"" frameBorder=""0"" allowfullscreen="""" allow=""autoplay; clipboard-write; encrypted-media; fullscreen; picture-in-picture"" loading=""lazy""></iframe>","<iframe allow=""autoplay *; encrypted-media *; fullscreen *; clipboard-write"" frameborder=""0"" height=""175"" style=""width:100%;max-width:660px;overflow:hidden;border-radius:10px;"" sandbox=""allow-forms allow-popups allow-same-origin allow-scripts allow-storage-access-by-user-activation allow-top-navigation-by-user-activation"" src=""https://embed.music.apple.com/jp/song/nakameguro/1789177539""></iframe>",,
162,Summer Madness,Kool & The Gang,Light Of Worlds,162日目の紹介文,/images/162.jpg,"<iframe src=""https://open.spotify.com/embed/track/5BxHfyGk49gqbg5BdW6FO4?utm_source=generator&theme=0"" width=""100%"" height=""152"" frameBorder=""0"" allowfullscreen="""" allow=""autoplay; clipboard-write; encrypted-media; fullscreen; picture-in-picture"" loading=""lazy""></iframe>","<iframe allow=""autoplay *; encrypted-media *; fullscreen *; clipboard-write"" frameborder=""0"" height=""175"" style=""width:100%;max-width:660px;overflow:hidden;border-radius:10px;"" sandbox=""allow-forms allow-popups allow-same-origin allow-scripts allow-storage-access-by-user-activation allow-top-navigation-by-user-activation"" src=""https://embed.music.apple.com/jp/song/summer-madness/1442668947""></iframe>",,
163,Cariño,The Marías,Cariño,163日目の紹介文,/images/163.jpg,"<iframe src=""https://open.spotify.com/embed/track/55DyBUkjebkcYhDGfEXitR?utm_source=generator&theme=0"" width=""100%"" height=""152"" frameBorder=""0"" allowfullscreen="""" allow=""autoplay; clipboard-write; encrypted-media; fullscreen; picture-in-picture"" loading=""lazy""></iframe>","<iframe allow=""autoplay *; encrypted-media *; fullscreen *; clipboard-write"" frameborder=""0"" height=""175"" style=""width:100%;max-width:660px;overflow:hidden;border-radius:10px;"" sandbox=""allow-forms allow-popups allow-same-origin allow-scripts allow-storage-access-by-user-activation allow-top-navigation-by-user-activation"" src=""https://embed.music.apple.com/jp/song/cari%C3%B1o/1436703569""></iframe>",,
164,My Sweet Summer Suite,The Love Unlimited Orchestra,Gold,164日目の紹介文,/images/164.jpg,"<iframe src=""https://open.spotify.com/embed/track/7KF1npFxVUwX3fDQzgVyfz?utm_source=generator&theme=0"" width=""100%"" height=""152"" frameBorder=""0"" allowfullscreen="""" allow=""autoplay; clipboard-write; encrypted-media; fullscreen; picture-in-picture"" loading=""lazy""></iframe>","<iframe allow=""autoplay *; encrypted-media *; fullscreen *; clipboard-write"" frameborder=""0"" height=""175"" style=""width:100%;max-width:660px;overflow:hidden;border-radius:10px;"" sandbox=""allow-forms allow-popups allow-same-origin allow-scripts allow-storage-access-by-user-activation allow-top-navigation-by-user-activation"" src=""https://embed.music.apple.com/jp/song/my-sweet-summer-suite-album-version/1500938868""></iframe>",,
165,AM0:52 - (Sweet William Remix),kiki vivi lily,vivid,165日目の紹介文,/images/165.jpg,"<iframe src=""https://open.spotify.com/embed/track/55cMNhODiellpeW1jAYLPx?utm_source=generator&theme=0"" width=""100%"" height=""152"" frameBorder=""0"" allowfullscreen="""" allow=""autoplay; clipboard-write; encrypted-media; fullscreen; picture-in-picture"" loading=""lazy""></iframe>","<iframe allow=""autoplay *; encrypted-media *; fullscreen *; clipboard-write"" frameborder=""0"" height=""175"" style=""width:100%;max-width:660px;overflow:hidden;border-radius:10px;"" sandbox=""allow-forms allow-popups allow-same-origin allow-scripts allow-storage-access-by-user-activation allow-top-navigation-by-user-activation"" src=""https://embed.music.apple.com/jp/song/am0-52-sweet-william-remix/1461083476""></iframe>",,
166,san francisco,MIDICRONICA,#501,166日目の紹介文,/images/166.jpg,"<iframe src=""https://open.spotify.com/embed/track/0nsn0xuYHUTbq47O7SBV5v?utm_source=generator&theme=0"" width=""100%"" height=""152"" frameBorder=""0"" allowfullscreen="""" allow=""autoplay; clipboard-write; encrypted-media; fullscreen; picture-in-picture"" loading=""lazy""></iframe>","<iframe allow=""autoplay *; encrypted-media *; fullscreen *; clipboard-write"" frameborder=""0"" height=""175"" style=""width:100%;max-width:660px;overflow:hidden;border-radius:10px;"" sandbox=""allow-forms allow-popups allow-same-origin allow-scripts allow-storage-access-by-user-activation allow-top-navigation-by-user-activation"" src=""https://embed.music.apple.com/jp/song/san-francisco/1502409703""></iframe>",,
167,Charmander,Aminé,TWOPOINTFIVE,167日目の紹介文,/images/167.jpg,"<iframe src=""https://open.spotify.com/embed/track/4Aocy7YAyOYf5YHj18Vfj3?utm_source=generator&theme=0"" width=""100%"" height=""152"" frameBorder=""0"" allowfullscreen="""" allow=""autoplay; clipboard-write; encrypted-media; fullscreen; picture-in-picture"" loading=""lazy""></iframe>","<iframe allow=""autoplay *; encrypted-media *; fullscreen *; clipboard-write"" frameborder=""0"" height=""175"" style=""width:100%;max-width:660px;overflow:hidden;border-radius:10px;"" sandbox=""allow-forms allow-popups allow-same-origin allow-scripts allow-storage-access-by-user-activation allow-top-navigation-by-user-activation"" src=""https://embed.music.apple.com/jp/song/charmander/1592421633""></iframe>",,
168,El Anillo del Capitán Beto,Invisible,El Jardin de los Presentes,168日目の紹介文,/images/168.jpg,"<iframe src=""https://open.spotify.com/embed/track/23jMDvKil4frbTA35BVzBY?utm_source=generator&theme=0"" width=""100%"" height=""152"" frameBorder=""0"" allowfullscreen="""" allow=""autoplay; clipboard-write; encrypted-media; fullscreen; picture-in-picture"" loading=""lazy""></iframe>","<iframe allow=""autoplay *; encrypted-media *; fullscreen *; clipboard-write"" frameborder=""0"" height=""175"" style=""width:100%;max-width:660px;overflow:hidden;border-radius:10px;"" sandbox=""allow-forms allow-popups allow-same-origin allow-scripts allow-storage-access-by-user-activation allow-top-navigation-by-user-activation"" src=""https://embed.music.apple.com/jp/song/el-anillo-del-capitan-beto/401686476""></iframe>",,
169,Never Let You Go (feat. Foy Vance) - Don Diablo Remix,Rudimental,Never Let You Go,169日目の紹介文,/images/169.jpg,"<iframe src=""https://open.spotify.com/embed/track/7gjF6RhIovj8xQf1ADTKw3?utm_source=generator&theme=0"" width=""100%"" height=""152"" frameBorder=""0"" allowfullscreen="""" allow=""autoplay; clipboard-write; encrypted-media; fullscreen; picture-in-picture"" loading=""lazy""></iframe>","<iframe allow=""autoplay *; encrypted-media *; fullscreen *; clipboard-write"" frameborder=""0"" height=""175"" style=""width:100%;max-width:660px;overflow:hidden;border-radius:10px;"" sandbox=""allow-forms allow-popups allow-same-origin allow-scripts allow-storage-access-by-user-activation allow-top-navigation-by-user-activation"" src=""https://embed.music.apple.com/jp/song/never-let-you-go-feat-foy-vance-don-diablo-remix/1002006081""></iframe>",,
170,フライディ・チャイナタウン,泰葉,フライディ・チャイナタウン,170日目の紹介文,/images/170.jpg,"<iframe src=""https://open.spotify.com/embed/track/2uXlHiOE4o5xHOCiob8DKn?utm_source=generator&theme=0"" width=""100%"" height=""152"" frameBorder=""0"" allowfullscreen="""" allow=""autoplay; clipboard-write; encrypted-media; fullscreen; picture-in-picture"" loading=""lazy""></iframe>","<iframe allow=""autoplay *; encrypted-media *; fullscreen *; clipboard-write"" frameborder=""0"" height=""175"" style=""width:100%;max-width:660px;overflow:hidden;border-radius:10px;"" sandbox=""allow-forms allow-popups allow-same-origin allow-scripts allow-storage-access-by-user-activation allow-top-navigation-by-user-activation"" src=""https://embed.music.apple.com/jp/song/%E3%83%95%E3%83%A9%E3%82%A4%E3%83%87%E3%82%A3-%E3%83%81%E3%83%A3%E3%82%A4%E3%83%8A%E3%82%BF%E3%82%A6%E3%83%B3/1623494637""></iframe>",,
171,I've Seen Footage,Death Grips,The Money Store,171日目の紹介文,/images/171.jpg,"<iframe src=""https://open.spotify.com/embed/track/7nCONy10IHp7XD3oYZ0lcx?utm_source=generator&theme=0"" width=""100%"" height=""152"" frameBorder=""0"" allowfullscreen="""" allow=""autoplay; clipboard-write; encrypted-media; fullscreen; picture-in-picture"" loading=""lazy""></iframe>","<iframe allow=""autoplay *; encrypted-media *; fullscreen *; clipboard-write"" frameborder=""0"" height=""175"" style=""width:100%;max-width:660px;overflow:hidden;border-radius:10px;"" sandbox=""allow-forms allow-popups allow-same-origin allow-scripts allow-storage-access-by-user-activation allow-top-navigation-by-user-activation"" src=""https://embed.music.apple.com/jp/song/ive-seen-footage/515449271""></iframe>",,
172,Cordao,Chico Buarque,Construção,172日目の紹介文,/images/172.jpg,"<iframe src=""https://open.spotify.com/embed/track/1Zz26uUewyiMfQEKYgZ7oh?utm_source=generator&theme=0"" width=""100%"" height=""152"" frameBorder=""0"" allowfullscreen="""" allow=""autoplay; clipboard-write; encrypted-media; fullscreen; picture-in-picture"" loading=""lazy""></iframe>","<iframe allow=""autoplay *; encrypted-media *; fullscreen *; clipboard-write"" frameborder=""0"" height=""175"" style=""width:100%;max-width:660px;overflow:hidden;border-radius:10px;"" sandbox=""allow-forms allow-popups allow-same-origin allow-scripts allow-storage-access-by-user-activation allow-top-navigation-by-user-activation"" src=""https://embed.music.apple.com/jp/song/cord%C3%A3o/1442923815""></iframe>",,
173,雨降りの月曜,LIBRO,胎動,173日目の紹介文,/images/173.jpg,"<iframe src=""https://open.spotify.com/embed/track/2NVwpdXHdSKjrGDmutNjAo?utm_source=generator&theme=0"" width=""100%"" height=""152"" frameBorder=""0"" allowfullscreen="""" allow=""autoplay; clipboard-write; encrypted-media; fullscreen; picture-in-picture"" loading=""lazy""></iframe>","<iframe allow=""autoplay *; encrypted-media *; fullscreen *; clipboard-write"" frameborder=""0"" height=""175"" style=""width:100%;max-width:660px;overflow:hidden;border-radius:10px;"" sandbox=""allow-forms allow-popups allow-same-origin allow-scripts allow-storage-access-by-user-activation allow-top-navigation-by-user-activation"" src=""https://embed.music.apple.com/jp/song/%E9%9B%A8%E9%99%8D%E3%82%8A%E3%81%AE%E6%9C%88%E6%9B%9C/268832206""></iframe>",,
174,Pressure (feat. Tove Lo),Martin Garrix,Pressure (feat. Tove Lo),174日目の紹介文,/images/174.jpg,"<iframe src=""https://open.spotify.com/embed/track/4ga4WvRNhMsIL38pkBbnIN?utm_source=generator&theme=0"" width=""100%"" height=""152"" frameBorder=""0"" allowfullscreen="""" allow=""autoplay; clipboard-write; encrypted-media; fullscreen; picture-in-picture"" loading=""lazy""></iframe>","<iframe allow=""autoplay *; encrypted-media *; fullscreen *; clipboard-write"" frameborder=""0"" height=""175"" style=""width:100%;max-width:660px;overflow:hidden;border-radius:10px;"" sandbox=""allow-forms allow-popups allow-same-origin allow-scripts allow-storage-access-by-user-activation allow-top-navigation-by-user-activation"" src=""https://embed.music.apple.com/jp/song/pressure-feat-tove-lo/1548278285""></iframe>",,
175,Don't Know Why,Norah Jones,Come Away With Me (Super Deluxe Edition),175日目の紹介文,/images/175.jpg,"<iframe src=""https://open.spotify.com/embed/track/1zNXF2svmdlNxfS5XeNUgr?utm_source=generator&theme=0"" width=""100%"" height=""152"" frameBorder=""0"" allowfullscreen="""" allow=""autoplay; clipboard-write; encrypted-media; fullscreen; picture-in-picture"" loading=""lazy""></iframe>","<iframe allow=""autoplay *; encrypted-media *; fullscreen *; clipboard-write"" frameborder=""0"" height=""175"" style=""width:100%;max-width:660px;overflow:hidden;border-radius:10px;"" sandbox=""allow-forms allow-popups allow-same-origin allow-scripts allow-storage-access-by-user-activation allow-top-navigation-by-user-activation"" src=""https://embed.music.apple.com/jp/song/%E3%83%89%E3%83%B3%E3%83%88-%E3%83%8E%E3%83%BC-%E3%83%9B%E3%83%AF%E3%82%A4-%E3%83%95%E3%82%A1%E3%83%BC%E3%82%B9%E3%83%88%E3%82%BB%E3%83%83%E3%82%BD%E3%83%B3%E3%83%87%E3%83%A2/1625058461""></iframe>",,
176,Underwater Love,Smoke City,Flying Away,176日目の紹介文,/images/176.jpg,"<iframe src=""https://open.spotify.com/embed/track/1vahbgf2hkAjBvYRtIo09F?utm_source=generator&theme=0"" width=""100%"" height=""152"" frameBorder=""0"" allowfullscreen="""" allow=""autoplay; clipboard-write; encrypted-media; fullscreen; picture-in-picture"" loading=""lazy""></iframe>","<iframe allow=""autoplay *; encrypted-media *; fullscreen *; clipboard-write"" frameborder=""0"" height=""175"" style=""width:100%;max-width:660px;overflow:hidden;border-radius:10px;"" sandbox=""allow-forms allow-popups allow-same-origin allow-scripts allow-storage-access-by-user-activation allow-top-navigation-by-user-activation"" src=""https://embed.music.apple.com/jp/song/underwater-love/1266447309""></iframe>",,
177,Off Of My Mind,Icona Pop,Off Of My Mind,177日目の紹介文,/images/177.jpg,"<iframe src=""https://open.spotify.com/embed/track/4Gvzq9fjh3Qg5NiEPEhiqt?utm_source=generator&theme=0"" width=""100%"" height=""152"" frameBorder=""0"" allowfullscreen="""" allow=""autoplay; clipboard-write; encrypted-media; fullscreen; picture-in-picture"" loading=""lazy""></iframe>","<iframe allow=""autoplay *; encrypted-media *; fullscreen *; clipboard-write"" frameborder=""0"" height=""175"" style=""width:100%;max-width:660px;overflow:hidden;border-radius:10px;"" sandbox=""allow-forms allow-popups allow-same-origin allow-scripts allow-storage-access-by-user-activation allow-top-navigation-by-user-activation"" src=""https://embed.music.apple.com/jp/song/off-of-my-mind/1711710533""></iframe>",,
178,接吻,Original Love,Sunny Side Of Original Love,178日目の紹介文,/images/178.jpg,"<iframe src=""https://open.spotify.com/embed/track/15Z76oKtxXHQvaeFsFudIs?utm_source=generator&theme=0"" width=""100%"" height=""152"" frameBorder=""0"" allowfullscreen="""" allow=""autoplay; clipboard-write; encrypted-media; fullscreen; picture-in-picture"" loading=""lazy""></iframe>","<iframe allow=""autoplay *; encrypted-media *; fullscreen *; clipboard-write"" frameborder=""0"" height=""175"" style=""width:100%;max-width:660px;overflow:hidden;border-radius:10px;"" sandbox=""allow-forms allow-popups allow-same-origin allow-scripts allow-storage-access-by-user-activation allow-top-navigation-by-user-activation"" src=""https://embed.music.apple.com/jp/song/%E6%8E%A5%E5%90%BB/724587105""></iframe>",,
179,Nog Verder,Cos,Viva Boma,179日目の紹介文,/images/179.jpg,"<iframe src=""https://open.spotify.com/embed/track/2j71Z6kTqtg33waWxqHQOk?utm_source=generator&theme=0"" width=""100%"" height=""152"" frameBorder=""0"" allowfullscreen="""" allow=""autoplay; clipboard-write; encrypted-media; fullscreen; picture-in-picture"" loading=""lazy""></iframe>","<iframe allow=""autoplay *; encrypted-media *; fullscreen *; clipboard-write"" frameborder=""0"" height=""175"" style=""width:100%;max-width:660px;overflow:hidden;border-radius:10px;"" sandbox=""allow-forms allow-popups allow-same-origin allow-scripts allow-storage-access-by-user-activation allow-top-navigation-by-user-activation"" src=""https://embed.music.apple.com/jp/song/nog-verder/340031157""></iframe>",,
180,Borjormi Spring,Rezzett,Meant Like This,180日目の紹介文,/images/180.jpg,"<iframe src=""https://open.spotify.com/embed/track/441AgMmXzGfHEkGn1uwIfr?utm_source=generator&theme=0"" width=""100%"" height=""152"" frameBorder=""0"" allowfullscreen="""" allow=""autoplay; clipboard-write; encrypted-media; fullscreen; picture-in-picture"" loading=""lazy""></iframe>","<iframe allow=""autoplay *; encrypted-media *; fullscreen *; clipboard-write"" frameborder=""0"" height=""175"" style=""width:100%;max-width:660px;overflow:hidden;border-radius:10px;"" sandbox=""allow-forms allow-popups allow-same-origin allow-scripts allow-storage-access-by-user-activation allow-top-navigation-by-user-activation"" src=""https://embed.music.apple.com/jp/song/borjormi-spring/1681389913""></iframe>",,
181,夏の前日,たま,犬の約束,181日目の紹介文,/images/181.jpg,"<iframe src=""https://open.spotify.com/embed/track/28vwIAukZdPuHMv609zI79?utm_source=generator&theme=0"" width=""100%"" height=""152"" frameBorder=""0"" allowfullscreen="""" allow=""autoplay; clipboard-write; encrypted-media; fullscreen; picture-in-picture"" loading=""lazy""></iframe>","<iframe allow=""autoplay *; encrypted-media *; fullscreen *; clipboard-write"" frameborder=""0"" height=""175"" style=""width:100%;max-width:660px;overflow:hidden;border-radius:10px;"" sandbox=""allow-forms allow-popups allow-same-origin allow-scripts allow-storage-access-by-user-activation allow-top-navigation-by-user-activation"" src=""https://embed.music.apple.com/jp/song/%E5%A4%8F%E3%81%AE%E5%89%8D%E6%97%A5/720409780""></iframe>",,
182,Summer Connection,Taeko Onuki,SUNSHOWER,182日目の紹介文,/images/182.jpg,"<iframe src=""https://open.spotify.com/embed/track/7jRBeWs7TvE8N8W4tEk3nb?utm_source=generator&theme=0"" width=""100%"" height=""152"" frameBorder=""0"" allowfullscreen="""" allow=""autoplay; clipboard-write; encrypted-media; fullscreen; picture-in-picture"" loading=""lazy""></iframe>","<iframe allow=""autoplay *; encrypted-media *; fullscreen *; clipboard-write"" frameborder=""0"" height=""175"" style=""width:100%;max-width:660px;overflow:hidden;border-radius:10px;"" sandbox=""allow-forms allow-popups allow-same-origin allow-scripts allow-storage-access-by-user-activation allow-top-navigation-by-user-activation"" src=""https://embed.music.apple.com/jp/song/summer-connection/1481213370""></iframe>",,
183,Hannah (the sun),Fred again..,Hannah (the sun),183日目の紹介文,/images/183.jpg,"<iframe src=""https://open.spotify.com/embed/track/3KffMs30iYfPNYI8epNj5a?utm_source=generator&theme=0"" width=""100%"" height=""152"" frameBorder=""0"" allowfullscreen="""" allow=""autoplay; clipboard-write; encrypted-media; fullscreen; picture-in-picture"" loading=""lazy""></iframe>","<iframe allow=""autoplay *; encrypted-media *; fullscreen *; clipboard-write"" frameborder=""0"" height=""175"" style=""width:100%;max-width:660px;overflow:hidden;border-radius:10px;"" sandbox=""allow-forms allow-popups allow-same-origin allow-scripts allow-storage-access-by-user-activation allow-top-navigation-by-user-activation"" src=""https://embed.music.apple.com/jp/song/hannah-the-sun/1588056731""></iframe>",,
184,黄昏サラウンド,RIP SLYME,MASTERPIECE,184日目の紹介文,/images/184.jpg,"<iframe src=""https://open.spotify.com/embed/track/5NsOTUsqq8rjmtCfYzUZL2?utm_source=generator&theme=0"" width=""100%"" height=""152"" frameBorder=""0"" allowfullscreen="""" allow=""autoplay; clipboard-write; encrypted-media; fullscreen; picture-in-picture"" loading=""lazy""></iframe>","<iframe allow=""autoplay *; encrypted-media *; fullscreen *; clipboard-write"" frameborder=""0"" height=""175"" style=""width:100%;max-width:660px;overflow:hidden;border-radius:10px;"" sandbox=""allow-forms allow-popups allow-same-origin allow-scripts allow-storage-access-by-user-activation allow-top-navigation-by-user-activation"" src=""https://embed.music.apple.com/jp/song/%E9%BB%84%E6%98%8F%E3%82%B5%E3%83%A9%E3%82%A6%E3%83%B3%E3%83%89/79663114""></iframe>",,
185,Oye Como Va,Santana,Abraxas,185日目の紹介文,/images/185.jpg,"<iframe src=""https://open.spotify.com/embed/track/5u6y4u5EgDv0peILf60H5t?utm_source=generator&theme=0"" width=""100%"" height=""152"" frameBorder=""0"" allowfullscreen="""" allow=""autoplay; clipboard-write; encrypted-media; fullscreen; picture-in-picture"" loading=""lazy""></iframe>","<iframe allow=""autoplay *; encrypted-media *; fullscreen *; clipboard-write"" frameborder=""0"" height=""175"" style=""width:100%;max-width:660px;overflow:hidden;border-radius:10px;"" sandbox=""allow-forms allow-popups allow-same-origin allow-scripts allow-storage-access-by-user-activation allow-top-navigation-by-user-activation"" src=""https://embed.music.apple.com/jp/song/oye-como-va/871146601""></iframe>",,
186,Viva La Vida,Coldplay,Viva La Vida or Death and All His Friends,186日目の紹介文,/images/186.jpg,"<iframe src=""https://open.spotify.com/embed/track/1SLxVWqXo9zNrrDKRa3m1G?utm_source=generator&theme=0"" width=""100%"" height=""152"" frameBorder=""0"" allowfullscreen="""" allow=""autoplay; clipboard-write; encrypted-media; fullscreen; picture-in-picture"" loading=""lazy""></iframe>","<iframe allow=""autoplay *; encrypted-media *; fullscreen *; clipboard-write"" frameborder=""0"" height=""175"" style=""width:100%;max-width:660px;overflow:hidden;border-radius:10px;"" sandbox=""allow-forms allow-popups allow-same-origin allow-scripts allow-storage-access-by-user-activation allow-top-navigation-by-user-activation"" src=""https://embed.music.apple.com/jp/song/viva-la-vida/1122773680""></iframe>",,
187,ユリイカ,sakanaction,グッドバイ／ユリイカ,187日目の紹介文,/images/187.jpg,"<iframe src=""https://open.spotify.com/embed/track/7CdhZZULkKmiorcU8g7WYr?utm_source=generator&theme=0"" width=""100%"" height=""152"" frameBorder=""0"" allowfullscreen="""" allow=""autoplay; clipboard-write; encrypted-media; fullscreen; picture-in-picture"" loading=""lazy""></iframe>","<iframe allow=""autoplay *; encrypted-media *; fullscreen *; clipboard-write"" frameborder=""0"" height=""175"" style=""width:100%;max-width:660px;overflow:hidden;border-radius:10px;"" sandbox=""allow-forms allow-popups allow-same-origin allow-scripts allow-storage-access-by-user-activation allow-top-navigation-by-user-activation"" src=""https://embed.music.apple.com/jp/song/%E3%83%A6%E3%83%AA%E3%82%A4%E3%82%AB/787025984""></iframe>",,
188,American Daydream,Electric Guest,Mondo,188日目の紹介文,/images/188.jpg,"<iframe src=""https://open.spotify.com/embed/track/40QdVaXuZgxZ8vdoaFDNsL?utm_source=generator&theme=0"" width=""100%"" height=""152"" frameBorder=""0"" allowfullscreen="""" allow=""autoplay; clipboard-write; encrypted-media; fullscreen; picture-in-picture"" loading=""lazy""></iframe>","<iframe allow=""autoplay *; encrypted-media *; fullscreen *; clipboard-write"" frameborder=""0"" height=""175"" style=""width:100%;max-width:660px;overflow:hidden;border-radius:10px;"" sandbox=""allow-forms allow-popups allow-same-origin allow-scripts allow-storage-access-by-user-activation allow-top-navigation-by-user-activation"" src=""https://embed.music.apple.com/jp/song/american-daydream/508370636""></iframe>",,
189,D>E>A>T>H>M>E>T>A>L,Panchiko,D>E>A>T>H>M>E>T>A>L,189日目の紹介文,/images/189.jpg,"<iframe src=""https://open.spotify.com/embed/track/4sIFi8LpJWPvI5xviWFyA6?utm_source=generator&theme=0"" width=""100%"" height=""152"" frameBorder=""0"" allowfullscreen="""" allow=""autoplay; clipboard-write; encrypted-media; fullscreen; picture-in-picture"" loading=""lazy""></iframe>","<iframe allow=""autoplay *; encrypted-media *; fullscreen *; clipboard-write"" frameborder=""0"" height=""175"" style=""width:100%;max-width:660px;overflow:hidden;border-radius:10px;"" sandbox=""allow-forms allow-popups allow-same-origin allow-scripts allow-storage-access-by-user-activation allow-top-navigation-by-user-activation"" src=""https://embed.music.apple.com/jp/song/d-e-a-t-h-m-e-t-a-l/1643784505""></iframe>",,
190,Ojalá,dani dicostas,veinte,190日目の紹介文,/images/190.jpg,"<iframe src=""https://open.spotify.com/embed/track/3dFCR8sy2UkdFhWnItWjq6?utm_source=generator&theme=0"" width=""100%"" height=""152"" frameBorder=""0"" allowfullscreen="""" allow=""autoplay; clipboard-write; encrypted-media; fullscreen; picture-in-picture"" loading=""lazy""></iframe>","<iframe allow=""autoplay *; encrypted-media *; fullscreen *; clipboard-write"" frameborder=""0"" height=""175"" style=""width:100%;max-width:660px;overflow:hidden;border-radius:10px;"" sandbox=""allow-forms allow-popups allow-same-origin allow-scripts allow-storage-access-by-user-activation allow-top-navigation-by-user-activation"" src=""https://embed.music.apple.com/jp/song/ojal%C3%A1/1516975491""></iframe>",,
191,Do You Want Me,Lucas & Steve,Do You Want Me,191日目の紹介文,/images/191.jpg,"<iframe src=""https://open.spotify.com/embed/track/1TtX5seACZDTSClDsVXEHc?utm_source=generator&theme=0"" width=""100%"" height=""152"" frameBorder=""0"" allowfullscreen="""" allow=""autoplay; clipboard-write; encrypted-media; fullscreen; picture-in-picture"" loading=""lazy""></iframe>","<iframe allow=""autoplay *; encrypted-media *; fullscreen *; clipboard-write"" frameborder=""0"" height=""175"" style=""width:100%;max-width:660px;overflow:hidden;border-radius:10px;"" sandbox=""allow-forms allow-popups allow-same-origin allow-scripts allow-storage-access-by-user-activation allow-top-navigation-by-user-activation"" src=""https://embed.music.apple.com/jp/song/do-you-want-me/1553135439""></iframe>",,
192,Naadam,渋さ知らズ,渋星,192日目の紹介文,/images/192.jpg,"<iframe src=""https://open.spotify.com/embed/track/3hyRGkVHh0RNT4vqyO5PL8?utm_source=generator&theme=0"" width=""100%"" height=""152"" frameBorder=""0"" allowfullscreen="""" allow=""autoplay; clipboard-write; encrypted-media; fullscreen; picture-in-picture"" loading=""lazy""></iframe>","<iframe allow=""autoplay *; encrypted-media *; fullscreen *; clipboard-write"" frameborder=""0"" height=""175"" style=""width:100%;max-width:660px;overflow:hidden;border-radius:10px;"" sandbox=""allow-forms allow-popups allow-same-origin allow-scripts allow-storage-access-by-user-activation allow-top-navigation-by-user-activation"" src=""https://embed.music.apple.com/jp/song/naadam/878537471""></iframe>",,
193,そなちね,Tempalay,21世紀より愛をこめて,193日目の紹介文,/images/193.jpg,"<iframe src=""https://open.spotify.com/embed/track/09QWfvBCi7tzKvyCUnRsUr?utm_source=generator&theme=0"" width=""100%"" height=""152"" frameBorder=""0"" allowfullscreen="""" allow=""autoplay; clipboard-write; encrypted-media; fullscreen; picture-in-picture"" loading=""lazy""></iframe>","<iframe allow=""autoplay *; encrypted-media *; fullscreen *; clipboard-write"" frameborder=""0"" height=""175"" style=""width:100%;max-width:660px;overflow:hidden;border-radius:10px;"" sandbox=""allow-forms allow-popups allow-same-origin allow-scripts allow-storage-access-by-user-activation allow-top-navigation-by-user-activation"" src=""https://embed.music.apple.com/jp/song/%E3%81%9D%E3%81%AA%E3%81%A1%E3%81%AD/1460800677""></iframe>",,
194,SHUT UP AND EXPLODE,BOOM BOOM SATELLITES,EXPOSED,194日目の紹介文,/images/194.jpg,"<iframe src=""https://open.spotify.com/embed/track/3fD5HVFpDIAQ0tsPTFPDPl?utm_source=generator&theme=0"" width=""100%"" height=""152"" frameBorder=""0"" allowfullscreen="""" allow=""autoplay; clipboard-write; encrypted-media; fullscreen; picture-in-picture"" loading=""lazy""></iframe>","<iframe allow=""autoplay *; encrypted-media *; fullscreen *; clipboard-write"" frameborder=""0"" height=""175"" style=""width:100%;max-width:660px;overflow:hidden;border-radius:10px;"" sandbox=""allow-forms allow-popups allow-same-origin allow-scripts allow-storage-access-by-user-activation allow-top-navigation-by-user-activation"" src=""https://embed.music.apple.com/jp/song/shut-up-and-explode/1537505791""></iframe>",,
195,When the Music's Over,The Doors,Strange Days,195日目の紹介文,/images/195.jpg,"<iframe src=""https://open.spotify.com/embed/track/42dsUTJpzMWUJfEkzsbKWl?utm_source=generator&theme=0"" width=""100%"" height=""152"" frameBorder=""0"" allowfullscreen="""" allow=""autoplay; clipboard-write; encrypted-media; fullscreen; picture-in-picture"" loading=""lazy""></iframe>","<iframe allow=""autoplay *; encrypted-media *; fullscreen *; clipboard-write"" frameborder=""0"" height=""175"" style=""width:100%;max-width:660px;overflow:hidden;border-radius:10px;"" sandbox=""allow-forms allow-popups allow-same-origin allow-scripts allow-storage-access-by-user-activation allow-top-navigation-by-user-activation"" src=""https://embed.music.apple.com/jp/song/when-the-musics-over/1622362946""></iframe>",,
196,Piece Of Your Heart - Alok Remix,MEDUZA,Piece Of Your Heart (Alok Remix),196日目の紹介文,/images/196.jpg,"<iframe src=""https://open.spotify.com/embed/track/6iW38RGqdDGOofmz2HeXLW?utm_source=generator&theme=0"" width=""100%"" height=""152"" frameBorder=""0"" allowfullscreen="""" allow=""autoplay; clipboard-write; encrypted-media; fullscreen; picture-in-picture"" loading=""lazy""></iframe>","<iframe allow=""autoplay *; encrypted-media *; fullscreen *; clipboard-write"" frameborder=""0"" height=""175"" style=""width:100%;max-width:660px;overflow:hidden;border-radius:10px;"" sandbox=""allow-forms allow-popups allow-same-origin allow-scripts allow-storage-access-by-user-activation allow-top-navigation-by-user-activation"" src=""https://embed.music.apple.com/jp/song/piece-of-your-heart-alok-remix/1465207097""></iframe>",,
197,夏色の服,山田庵巳,音のブーケ ～大貫妙子カヴァー集～,197日目の紹介文,/images/197.jpg,"<iframe src=""https://open.spotify.com/embed/track/1X1S6CO6ji0HnQ4w0MOYcE?utm_source=generator&theme=0"" width=""100%"" height=""152"" frameBorder=""0"" allowfullscreen="""" allow=""autoplay; clipboard-write; encrypted-media; fullscreen; picture-in-picture"" loading=""lazy""></iframe>",,,
198,レモネード,ZOMBIE-CHANG,PETIT PETIT PETIT,198日目の紹介文,/images/198.jpg,"<iframe src=""https://open.spotify.com/embed/track/6Jb3bpds7blOEtZ1PC2gr1?utm_source=generator&theme=0"" width=""100%"" height=""152"" frameBorder=""0"" allowfullscreen="""" allow=""autoplay; clipboard-write; encrypted-media; fullscreen; picture-in-picture"" loading=""lazy""></iframe>","<iframe allow=""autoplay *; encrypted-media *; fullscreen *; clipboard-write"" frameborder=""0"" height=""175"" style=""width:100%;max-width:660px;overflow:hidden;border-radius:10px;"" sandbox=""allow-forms allow-popups allow-same-origin allow-scripts allow-storage-access-by-user-activation allow-top-navigation-by-user-activation"" src=""https://embed.music.apple.com/jp/song/%E3%83%AC%E3%83%A2%E3%83%8D%E3%83%BC%E3%83%89/1392563093""></iframe>",,
199,"Woman Called Yellow ""Z""",Strawberry Path,When The Raven Has Come To Earth,199日目の紹介文,/images/199.jpg,"<iframe src=""https://open.spotify.com/embed/track/1PsIulztLt77YAMA7XKw5X?utm_source=generator&theme=0"" width=""100%"" height=""152"" frameBorder=""0"" allowfullscreen="""" allow=""autoplay; clipboard-write; encrypted-media; fullscreen; picture-in-picture"" loading=""lazy""></iframe>","<iframe allow=""autoplay *; encrypted-media *; fullscreen *; clipboard-write"" frameborder=""0"" height=""175"" style=""width:100%;max-width:660px;overflow:hidden;border-radius:10px;"" sandbox=""allow-forms allow-popups allow-same-origin allow-scripts allow-storage-access-by-user-activation allow-top-navigation-by-user-activation"" src=""https://embed.music.apple.com/jp/song/woman-called-yellow-z/993473514""></iframe>",,
200,Safe and Sound (feat. Ashtin Bruere),Axel Vapaa,Safe and Sound (feat. Ashtin Bruere),200日目の紹介文,/images/200.jpg,"<iframe src=""https://open.spotify.com/embed/track/4MWGc2DVEnCkxr7Sp1d9Xs?utm_source=generator&theme=0"" width=""100%"" height=""152"" frameBorder=""0"" allowfullscreen="""" allow=""autoplay; clipboard-write; encrypted-media; fullscreen; picture-in-picture"" loading=""lazy""></iframe>","<iframe allow=""autoplay *; encrypted-media *; fullscreen *; clipboard-write"" frameborder=""0"" height=""175"" style=""width:100%;max-width:660px;overflow:hidden;border-radius:10px;"" sandbox=""allow-forms allow-popups allow-same-origin allow-scripts allow-storage-access-by-user-activation allow-top-navigation-by-user-activation"" src=""https://embed.music.apple.com/jp/song/safe-and-sound-feat-ashtin-bruere/1114635980""></iframe>",,
201,海街diary,Yoko Kanno,海街diary オリジナルサウンドトラック,201日目の紹介文,/images/201.jpg,"<iframe src=""https://open.spotify.com/embed/track/7kY6SVaSuLmvFTUfZsutFX?utm_source=generator&theme=0"" width=""100%"" height=""152"" frameBorder=""0"" allowfullscreen="""" allow=""autoplay; clipboard-write; encrypted-media; fullscreen; picture-in-picture"" loading=""lazy""></iframe>","<iframe allow=""autoplay *; encrypted-media *; fullscreen *; clipboard-write"" frameborder=""0"" height=""175"" style=""width:100%;max-width:660px;overflow:hidden;border-radius:10px;"" sandbox=""allow-forms allow-popups allow-same-origin allow-scripts allow-storage-access-by-user-activation allow-top-navigation-by-user-activation"" src=""https://embed.music.apple.com/jp/song/%E6%B5%B7%E8%A1%97diary/998449530""></iframe>",,
202,夏なんです,はっぴいえんど,風街ろまん,202日目の紹介文,/images/202.jpg,"<iframe src=""https://open.spotify.com/embed/track/5hh9ZqW6V5JlWACNPAnYWA?utm_source=generator&theme=0"" width=""100%"" height=""152"" frameBorder=""0"" allowfullscreen="""" allow=""autoplay; clipboard-write; encrypted-media; fullscreen; picture-in-picture"" loading=""lazy""></iframe>","<iframe allow=""autoplay *; encrypted-media *; fullscreen *; clipboard-write"" frameborder=""0"" height=""175"" style=""width:100%;max-width:660px;overflow:hidden;border-radius:10px;"" sandbox=""allow-forms allow-popups allow-same-origin allow-scripts allow-storage-access-by-user-activation allow-top-navigation-by-user-activation"" src=""https://embed.music.apple.com/jp/song/%E5%A4%8F%E3%81%AA%E3%82%93%E3%81%A7%E3%81%99/1675259387""></iframe>",,
203,I Mind,James Blake,James Blake,203日目の紹介文,/images/203.jpg,"<iframe src=""https://open.spotify.com/embed/track/0D983v2BtVqFYZdvvPTk1F?utm_source=generator&theme=0"" width=""100%"" height=""152"" frameBorder=""0"" allowfullscreen="""" allow=""autoplay; clipboard-write; encrypted-media; fullscreen; picture-in-picture"" loading=""lazy""></iframe>","<iframe allow=""autoplay *; encrypted-media *; fullscreen *; clipboard-write"" frameborder=""0"" height=""175"" style=""width:100%;max-width:660px;overflow:hidden;border-radius:10px;"" sandbox=""allow-forms allow-popups allow-same-origin allow-scripts allow-storage-access-by-user-activation allow-top-navigation-by-user-activation"" src=""https://embed.music.apple.com/jp/song/i-mind/1443124837""></iframe>",,
204,O Sol Nascerá (A Sorrir),Cartola,Cartola,204日目の紹介文,/images/204.jpg,"<iframe src=""https://open.spotify.com/embed/track/6nJRiVDYAM6qCWhdLeQTMd?utm_source=generator&theme=0"" width=""100%"" height=""152"" frameBorder=""0"" allowfullscreen="""" allow=""autoplay; clipboard-write; encrypted-media; fullscreen; picture-in-picture"" loading=""lazy""></iframe>","<iframe allow=""autoplay *; encrypted-media *; fullscreen *; clipboard-write"" frameborder=""0"" height=""175"" style=""width:100%;max-width:660px;overflow:hidden;border-radius:10px;"" sandbox=""allow-forms allow-popups allow-same-origin allow-scripts allow-storage-access-by-user-activation allow-top-navigation-by-user-activation"" src=""https://embed.music.apple.com/jp/song/o-sol-nascer%C3%A1-a-sorrir/1442612853""></iframe>",,
205,Go Back (feat. Julia Church),John Summit,Go Back (feat. Julia Church),205日目の紹介文,/images/205.jpg,"<iframe src=""https://open.spotify.com/embed/track/68R0zVUeMJ2C852Ov6d2Mh?utm_source=generator&theme=0"" width=""100%"" height=""152"" frameBorder=""0"" allowfullscreen="""" allow=""autoplay; clipboard-write; encrypted-media; fullscreen; picture-in-picture"" loading=""lazy""></iframe>","<iframe allow=""autoplay *; encrypted-media *; fullscreen *; clipboard-write"" frameborder=""0"" height=""450"" style=""width:100%;max-width:660px;overflow:hidden;border-radius:10px;"" sandbox=""allow-forms allow-popups allow-same-origin allow-scripts allow-storage-access-by-user-activation allow-top-navigation-by-user-activation"" src=""https://embed.music.apple.com/jp/album/go-back-single/1745292769""></iframe>",,
206,Manguetown,Chico Science,Afrociberdelia,206日目の紹介文,/images/206.jpg,"<iframe src=""https://open.spotify.com/embed/track/1YrGWu68h115DkYinbJxRK?utm_source=generator&theme=0"" width=""100%"" height=""152"" frameBorder=""0"" allowfullscreen="""" allow=""autoplay; clipboard-write; encrypted-media; fullscreen; picture-in-picture"" loading=""lazy""></iframe>","<iframe allow=""autoplay *; encrypted-media *; fullscreen *; clipboard-write"" frameborder=""0"" height=""175"" style=""width:100%;max-width:660px;overflow:hidden;border-radius:10px;"" sandbox=""allow-forms allow-popups allow-same-origin allow-scripts allow-storage-access-by-user-activation allow-top-navigation-by-user-activation"" src=""https://embed.music.apple.com/jp/song/manguetown/321581579""></iframe>",,
207,ghost,踊ってばかりの国,光の中に,207日目の紹介文,/images/207.jpg,"<iframe src=""https://open.spotify.com/embed/track/3nfosq8fXaM506M6L52kjI?utm_source=generator&theme=0"" width=""100%"" height=""152"" frameBorder=""0"" allowfullscreen="""" allow=""autoplay; clipboard-write; encrypted-media; fullscreen; picture-in-picture"" loading=""lazy""></iframe>","<iframe allow=""autoplay *; encrypted-media *; fullscreen *; clipboard-write"" frameborder=""0"" height=""175"" style=""width:100%;max-width:660px;overflow:hidden;border-radius:10px;"" sandbox=""allow-forms allow-popups allow-same-origin allow-scripts allow-storage-access-by-user-activation allow-top-navigation-by-user-activation"" src=""https://embed.music.apple.com/jp/song/ghost/1458496433""></iframe>",,
208,Everybody Loves The Sunshine,Roy Ayers Ubiquity,Everybody Loves The Sunshine (Reissue),208日目の紹介文,/images/208.jpg,"<iframe src=""https://open.spotify.com/embed/track/5le4sn0iMcnKU56bdmNzso?utm_source=generator&theme=0"" width=""100%"" height=""152"" frameBorder=""0"" allowfullscreen="""" allow=""autoplay; clipboard-write; encrypted-media; fullscreen; picture-in-picture"" loading=""lazy""></iframe>","<iframe allow=""autoplay *; encrypted-media *; fullscreen *; clipboard-write"" frameborder=""0"" height=""175"" style=""width:100%;max-width:660px;overflow:hidden;border-radius:10px;"" sandbox=""allow-forms allow-popups allow-same-origin allow-scripts allow-storage-access-by-user-activation allow-top-navigation-by-user-activation"" src=""https://embed.music.apple.com/jp/song/everybody-loves-the-sunshine/1469585198""></iframe>",,
209,Up All Night,Beck,Colors,209日目の紹介文,/images/209.jpg,"<iframe src=""https://open.spotify.com/embed/track/28AgTOIZke8nitD0NNeb3G?utm_source=generator&theme=0"" width=""100%"" height=""152"" frameBorder=""0"" allowfullscreen="""" allow=""autoplay; clipboard-write; encrypted-media; fullscreen; picture-in-picture"" loading=""lazy""></iframe>","<iframe allow=""autoplay *; encrypted-media *; fullscreen *; clipboard-write"" frameborder=""0"" height=""175"" style=""width:100%;max-width:660px;overflow:hidden;border-radius:10px;"" sandbox=""allow-forms allow-popups allow-same-origin allow-scripts allow-storage-access-by-user-activation allow-top-navigation-by-user-activation"" src=""https://embed.music.apple.com/jp/song/up-all-night/1440881551""></iframe>",,
210,Moon Dance,Elvin Jones,Time Capsule,210日目の紹介文,/images/210.jpg,"<iframe src=""https://open.spotify.com/embed/track/0vvbMwaet9b2cziN9Pg6T2?utm_source=generator&theme=0"" width=""100%"" height=""152"" frameBorder=""0"" allowfullscreen="""" allow=""autoplay; clipboard-write; encrypted-media; fullscreen; picture-in-picture"" loading=""lazy""></iframe>","<iframe allow=""autoplay *; encrypted-media *; fullscreen *; clipboard-write"" frameborder=""0"" height=""175"" style=""width:100%;max-width:660px;overflow:hidden;border-radius:10px;"" sandbox=""allow-forms allow-popups allow-same-origin allow-scripts allow-storage-access-by-user-activation allow-top-navigation-by-user-activation"" src=""https://embed.music.apple.com/jp/song/moon-dance/1543808920""></iframe>",,
211,ようこそ,柴田聡子,ぼちぼち銀河,211日目の紹介文,/images/211.jpg,"<iframe src=""https://open.spotify.com/embed/track/1bP952L3GaNnvcdQXXVJW6?utm_source=generator&theme=0"" width=""100%"" height=""152"" frameBorder=""0"" allowfullscreen="""" allow=""autoplay; clipboard-write; encrypted-media; fullscreen; picture-in-picture"" loading=""lazy""></iframe>","<iframe allow=""autoplay *; encrypted-media *; fullscreen *; clipboard-write"" frameborder=""0"" height=""175"" style=""width:100%;max-width:660px;overflow:hidden;border-radius:10px;"" sandbox=""allow-forms allow-popups allow-same-origin allow-scripts allow-storage-access-by-user-activation allow-top-navigation-by-user-activation"" src=""https://embed.music.apple.com/jp/song/%E3%82%88%E3%81%86%E3%81%93%E3%81%9D/1621014864""></iframe>",,
212,Rational Culture,Tim Maia,Racional (Vol 1),212日目の紹介文,/images/212.jpg,"<iframe src=""https://open.spotify.com/embed/track/5j2kGlGnZ2T6nJb2FRG2Jm?utm_source=generator&theme=0"" width=""100%"" height=""152"" frameBorder=""0"" allowfullscreen="""" allow=""autoplay; clipboard-write; encrypted-media; fullscreen; picture-in-picture"" loading=""lazy""></iframe>","<iframe allow=""autoplay *; encrypted-media *; fullscreen *; clipboard-write"" frameborder=""0"" height=""175"" style=""width:100%;max-width:660px;overflow:hidden;border-radius:10px;"" sandbox=""allow-forms allow-popups allow-same-origin allow-scripts allow-storage-access-by-user-activation allow-top-navigation-by-user-activation"" src=""https://embed.music.apple.com/jp/song/rational-culture/1455936375""></iframe>",,
213,サブマリン,ゆうらん船,ゆうらん船,213日目の紹介文,/images/213.jpg,"<iframe src=""https://open.spotify.com/embed/track/2YPOa2Sd3T10X80L3yor41?utm_source=generator&theme=0"" width=""100%"" height=""152"" frameBorder=""0"" allowfullscreen="""" allow=""autoplay; clipboard-write; encrypted-media; fullscreen; picture-in-picture"" loading=""lazy""></iframe>","<iframe allow=""autoplay *; encrypted-media *; fullscreen *; clipboard-write"" frameborder=""0"" height=""175"" style=""width:100%;max-width:660px;overflow:hidden;border-radius:10px;"" sandbox=""allow-forms allow-popups allow-same-origin allow-scripts allow-storage-access-by-user-activation allow-top-navigation-by-user-activation"" src=""https://embed.music.apple.com/jp/song/%E3%82%B5%E3%83%96%E3%83%9E%E3%83%AA%E3%83%B3/1456091172""></iframe>",,
214,Miss Kane,Donald Byrd,Street Lady,214日目の紹介文,/images/214.jpg,"<iframe src=""https://open.spotify.com/embed/track/5wuDfgqP7KcL2QUgXfvUuQ?utm_source=generator&theme=0"" width=""100%"" height=""152"" frameBorder=""0"" allowfullscreen="""" allow=""autoplay; clipboard-write; encrypted-media; fullscreen; picture-in-picture"" loading=""lazy""></iframe>","<iframe allow=""autoplay *; encrypted-media *; fullscreen *; clipboard-write"" frameborder=""0"" height=""175"" style=""width:100%;max-width:660px;overflow:hidden;border-radius:10px;"" sandbox=""allow-forms allow-popups allow-same-origin allow-scripts allow-storage-access-by-user-activation allow-top-navigation-by-user-activation"" src=""https://embed.music.apple.com/jp/song/miss-kane/724581398""></iframe>",,
215,四季ノ唄,MINMI,imagine,215日目の紹介文,/images/215.jpg,"<iframe src=""https://open.spotify.com/embed/track/1vv5Hw4fdWobDOUhbIXFtl?utm_source=generator&theme=0"" width=""100%"" height=""152"" frameBorder=""0"" allowfullscreen="""" allow=""autoplay; clipboard-write; encrypted-media; fullscreen; picture-in-picture"" loading=""lazy""></iframe>","<iframe allow=""autoplay *; encrypted-media *; fullscreen *; clipboard-write"" frameborder=""0"" height=""175"" style=""width:100%;max-width:660px;overflow:hidden;border-radius:10px;"" sandbox=""allow-forms allow-popups allow-same-origin allow-scripts allow-storage-access-by-user-activation allow-top-navigation-by-user-activation"" src=""https://embed.music.apple.com/jp/song/%E5%9B%9B%E5%AD%A3%E3%83%8E%E5%94%84/135108490""></iframe>",,
216,BELEZA PULA,高中正義,BRASILIAN SKIES,216日目の紹介文,/images/216.jpg,"<iframe src=""https://open.spotify.com/embed/track/63dLm0BUpepXeFIfZ0OKEL?utm_source=generator&theme=0"" width=""100%"" height=""152"" frameBorder=""0"" allowfullscreen="""" allow=""autoplay; clipboard-write; encrypted-media; fullscreen; picture-in-picture"" loading=""lazy""></iframe>","<iframe allow=""autoplay *; encrypted-media *; fullscreen *; clipboard-write"" frameborder=""0"" height=""175"" style=""width:100%;max-width:660px;overflow:hidden;border-radius:10px;"" sandbox=""allow-forms allow-popups allow-same-origin allow-scripts allow-storage-access-by-user-activation allow-top-navigation-by-user-activation"" src=""https://embed.music.apple.com/jp/song/beleza-pura/1444076543""></iframe>",,
217,Lay Me Down,Avicii,True,217日目の紹介文,/images/217.jpg,"<iframe src=""https://open.spotify.com/embed/track/6ekvzkGg31TOQhHIFEd55x?utm_source=generator&theme=0"" width=""100%"" height=""152"" frameBorder=""0"" allowfullscreen="""" allow=""autoplay; clipboard-write; encrypted-media; fullscreen; picture-in-picture"" loading=""lazy""></iframe>","<iframe allow=""autoplay *; encrypted-media *; fullscreen *; clipboard-write"" frameborder=""0"" height=""175"" style=""width:100%;max-width:660px;overflow:hidden;border-radius:10px;"" sandbox=""allow-forms allow-popups allow-same-origin allow-scripts allow-storage-access-by-user-activation allow-top-navigation-by-user-activation"" src=""https://embed.music.apple.com/jp/song/lay-me-down/1440821799""></iframe>",,
218,トワイライト・シーン,Shohei Takagi Parallela Botanica,Triptych,218日目の紹介文,/images/218.jpg,"<iframe src=""https://open.spotify.com/embed/track/7nqbXXAryQWiDqB28PJl8R?utm_source=generator&theme=0"" width=""100%"" height=""152"" frameBorder=""0"" allowfullscreen="""" allow=""autoplay; clipboard-write; encrypted-media; fullscreen; picture-in-picture"" loading=""lazy""></iframe>","<iframe allow=""autoplay *; encrypted-media *; fullscreen *; clipboard-write"" frameborder=""0"" height=""175"" style=""width:100%;max-width:660px;overflow:hidden;border-radius:10px;"" sandbox=""allow-forms allow-popups allow-same-origin allow-scripts allow-storage-access-by-user-activation allow-top-navigation-by-user-activation"" src=""https://embed.music.apple.com/jp/song/%E3%83%88%E3%83%AF%E3%82%A4%E3%83%A9%E3%82%A4%E3%83%88-%E3%82%B7%E3%83%BC%E3%83%B3/1538110900""></iframe>",,
219,You,Dai,Thanks You,219日目の紹介文,/images/219.jpg,"<iframe src=""https://open.spotify.com/embed/track/6YkpsxshcweeRzEAzadmeS?utm_source=generator&theme=0"" width=""100%"" height=""152"" frameBorder=""0"" allowfullscreen="""" allow=""autoplay; clipboard-write; encrypted-media; fullscreen; picture-in-picture"" loading=""lazy""></iframe>","<iframe allow=""autoplay *; encrypted-media *; fullscreen *; clipboard-write"" frameborder=""0"" height=""175"" style=""width:100%;max-width:660px;overflow:hidden;border-radius:10px;"" sandbox=""allow-forms allow-popups allow-same-origin allow-scripts allow-storage-access-by-user-activation allow-top-navigation-by-user-activation"" src=""https://embed.music.apple.com/jp/song/you/579565109""></iframe>",,
220,Our Day Will Come,Isaac Hayes,...To Be Continued,220日目の紹介文,/images/220.jpg,"<iframe src=""https://open.spotify.com/embed/track/5w45vSa3Sc39z0pQ1V3AT1?utm_source=generator&theme=0"" width=""100%"" height=""152"" frameBorder=""0"" allowfullscreen="""" allow=""autoplay; clipboard-write; encrypted-media; fullscreen; picture-in-picture"" loading=""lazy""></iframe>","<iframe allow=""autoplay *; encrypted-media *; fullscreen *; clipboard-write"" frameborder=""0"" height=""175"" style=""width:100%;max-width:660px;overflow:hidden;border-radius:10px;"" sandbox=""allow-forms allow-popups allow-same-origin allow-scripts allow-storage-access-by-user-activation allow-top-navigation-by-user-activation"" src=""https://embed.music.apple.com/jp/song/our-day-will-come/1440940628""></iframe>",,
221,Upside Down,Fela Kuti,Upside Down,221日目の紹介文,/images/221.jpg,"<iframe src=""https://open.spotify.com/embed/track/1Xtk804406CcOtMTZ1OWTw?utm_source=generator&theme=0"" width=""100%"" height=""152"" frameBorder=""0"" allowfullscreen="""" allow=""autoplay; clipboard-write; encrypted-media; fullscreen; picture-in-picture"" loading=""lazy""></iframe>","<iframe allow=""autoplay *; encrypted-media *; fullscreen *; clipboard-write"" frameborder=""0"" height=""175"" style=""width:100%;max-width:660px;overflow:hidden;border-radius:10px;"" sandbox=""allow-forms allow-popups allow-same-origin allow-scripts allow-storage-access-by-user-activation allow-top-navigation-by-user-activation"" src=""https://embed.music.apple.com/jp/song/upside-down/559578225""></iframe>",,
222,これが私の生きる道,Puffy AmiYumi,JET CD,222日目の紹介文,/images/222.jpg,"<iframe src=""https://open.spotify.com/embed/track/0LlveSS4FMUFxYJSu26KNR?utm_source=generator&theme=0"" width=""100%"" height=""152"" frameBorder=""0"" allowfullscreen="""" allow=""autoplay; clipboard-write; encrypted-media; fullscreen; picture-in-picture"" loading=""lazy""></iframe>","<iframe allow=""autoplay *; encrypted-media *; fullscreen *; clipboard-write"" frameborder=""0"" height=""175"" style=""width:100%;max-width:660px;overflow:hidden;border-radius:10px;"" sandbox=""allow-forms allow-popups allow-same-origin allow-scripts allow-storage-access-by-user-activation allow-top-navigation-by-user-activation"" src=""https://embed.music.apple.com/jp/song/%E3%81%93%E3%82%8C%E3%81%8C%E7%A7%81%E3%81%AE%E7%94%9F%E3%81%8D%E3%82%8B%E9%81%93/1536210997""></iframe>",,
223,Run Wild,PLS&TY,Run Wild,223日目の紹介文,/images/223.jpg,"<iframe src=""https://open.spotify.com/embed/track/1Xd124ZEXhxA2uleSBxwkn?utm_source=generator&theme=0"" width=""100%"" height=""152"" frameBorder=""0"" allowfullscreen="""" allow=""autoplay; clipboard-write; encrypted-media; fullscreen; picture-in-picture"" loading=""lazy""></iframe>","<iframe allow=""autoplay *; encrypted-media *; fullscreen *; clipboard-write"" frameborder=""0"" height=""175"" style=""width:100%;max-width:660px;overflow:hidden;border-radius:10px;"" sandbox=""allow-forms allow-popups allow-same-origin allow-scripts allow-storage-access-by-user-activation allow-top-navigation-by-user-activation"" src=""https://embed.music.apple.com/jp/song/run-wild/1700467703""></iframe>",,
224,Piercing thru the Night,dj blackpower,"BLP2020 ""King of the Night""",224日目の紹介文,/images/224.jpg,"<iframe src=""https://open.spotify.com/embed/track/3Jtn9N6ea4YeJiBYwhR114?utm_source=generator&theme=0"" width=""100%"" height=""152"" frameBorder=""0"" allowfullscreen="""" allow=""autoplay; clipboard-write; encrypted-media; fullscreen; picture-in-picture"" loading=""lazy""></iframe>","<iframe allow=""autoplay *; encrypted-media *; fullscreen *; clipboard-write"" frameborder=""0"" height=""175"" style=""width:100%;max-width:660px;overflow:hidden;border-radius:10px;"" sandbox=""allow-forms allow-popups allow-same-origin allow-scripts allow-storage-access-by-user-activation allow-top-navigation-by-user-activation"" src=""https://embed.music.apple.com/jp/song/piercing-thru-the-night/1618343242""></iframe>",,
225,新生相馬盆唄,大友良英スペシャルビッグバンド,ええじゃないか音頭,225日目の紹介文,/images/225.jpg,"<iframe src=""https://open.spotify.com/embed/track/0Az0G2XZymtF6HXtYTMnzA?utm_source=generator&theme=0"" width=""100%"" height=""152"" frameBorder=""0"" allowfullscreen="""" allow=""autoplay; clipboard-write; encrypted-media; fullscreen; picture-in-picture"" loading=""lazy""></iframe>","<iframe allow=""autoplay *; encrypted-media *; fullscreen *; clipboard-write"" frameborder=""0"" height=""175"" style=""width:100%;max-width:660px;overflow:hidden;border-radius:10px;"" sandbox=""allow-forms allow-popups allow-same-origin allow-scripts allow-storage-access-by-user-activation allow-top-navigation-by-user-activation"" src=""https://embed.music.apple.com/jp/song/%E6%96%B0%E7%94%9F%E7%9B%B8%E9%A6%AC%E7%9B%86%E5%94%84/896505177""></iframe>",,
226,Saudade,Ana Frango Elétrico,Little Electric Chicken Heart,226日目の紹介文,/images/226.jpg,"<iframe src=""https://open.spotify.com/embed/track/6n5wUQu2fuM7U6qEORt1NH?utm_source=generator&theme=0"" width=""100%"" height=""152"" frameBorder=""0"" allowfullscreen="""" allow=""autoplay; clipboard-write; encrypted-media; fullscreen; picture-in-picture"" loading=""lazy""></iframe>","<iframe allow=""autoplay *; encrypted-media *; fullscreen *; clipboard-write"" frameborder=""0"" height=""175"" style=""width:100%;max-width:660px;overflow:hidden;border-radius:10px;"" sandbox=""allow-forms allow-popups allow-same-origin allow-scripts allow-storage-access-by-user-activation allow-top-navigation-by-user-activation"" src=""https://embed.music.apple.com/jp/song/saudade/1478302108""></iframe>",,
227,Tommy Gun Angel,Bardo Pond,Lapsed,227日目の紹介文,/images/227.jpg,"<iframe src=""https://open.spotify.com/embed/track/2QxrzmOtfwgk3okBmtqi1V?utm_source=generator&theme=0"" width=""100%"" height=""152"" frameBorder=""0"" allowfullscreen="""" allow=""autoplay; clipboard-write; encrypted-media; fullscreen; picture-in-picture"" loading=""lazy""></iframe>","<iframe allow=""autoplay *; encrypted-media *; fullscreen *; clipboard-write"" frameborder=""0"" height=""175"" style=""width:100%;max-width:660px;overflow:hidden;border-radius:10px;"" sandbox=""allow-forms allow-popups allow-same-origin allow-scripts allow-storage-access-by-user-activation allow-top-navigation-by-user-activation"" src=""https://embed.music.apple.com/jp/song/tommy-gun-angel/1590350214""></iframe>",,
228,晩夏,冥丁,晩夏,228日目の紹介文,/images/228.jpg,"<iframe src=""https://open.spotify.com/embed/track/29pq78b5OOaaElUQr6rsr2?utm_source=generator&theme=0"" width=""100%"" height=""152"" frameBorder=""0"" allowfullscreen="""" allow=""autoplay; clipboard-write; encrypted-media; fullscreen; picture-in-picture"" loading=""lazy""></iframe>","<iframe allow=""autoplay *; encrypted-media *; fullscreen *; clipboard-write"" frameborder=""0"" height=""175"" style=""width:100%;max-width:660px;overflow:hidden;border-radius:10px;"" sandbox=""allow-forms allow-popups allow-same-origin allow-scripts allow-storage-access-by-user-activation allow-top-navigation-by-user-activation"" src=""https://embed.music.apple.com/jp/song/%E6%99%A9%E5%A4%8F/1576066880""></iframe>",,
229,Coolie High,Camp Lo,Uptown Saturday Night,229日目の紹介文,/images/229.jpg,"<iframe src=""https://open.spotify.com/embed/track/6yZAdQyPJtXjATvAT8ERQg?utm_source=generator&theme=0"" width=""100%"" height=""152"" frameBorder=""0"" allowfullscreen="""" allow=""autoplay; clipboard-write; encrypted-media; fullscreen; picture-in-picture"" loading=""lazy""></iframe>","<iframe allow=""autoplay *; encrypted-media *; fullscreen *; clipboard-write"" frameborder=""0"" height=""175"" style=""width:100%;max-width:660px;overflow:hidden;border-radius:10px;"" sandbox=""allow-forms allow-popups allow-same-origin allow-scripts allow-storage-access-by-user-activation allow-top-navigation-by-user-activation"" src=""https://embed.music.apple.com/jp/song/coolie-high/298544278""></iframe>",,
230,Welcome to Hell,black midi,Hellfire,230日目の紹介文,/images/230.jpg,"<iframe src=""https://open.spotify.com/embed/track/5ON8SSEFQtnhftaRAOt9Wl?utm_source=generator&theme=0"" width=""100%"" height=""152"" frameBorder=""0"" allowfullscreen="""" allow=""autoplay; clipboard-write; encrypted-media; fullscreen; picture-in-picture"" loading=""lazy""></iframe>","<iframe allow=""autoplay *; encrypted-media *; fullscreen *; clipboard-write"" frameborder=""0"" height=""175"" style=""width:100%;max-width:660px;overflow:hidden;border-radius:10px;"" sandbox=""allow-forms allow-popups allow-same-origin allow-scripts allow-storage-access-by-user-activation allow-top-navigation-by-user-activation"" src=""https://embed.music.apple.com/jp/song/welcome-to-hell/1613170927""></iframe>",,
231,Make Your Move - Gil Sanders Remix,Brooks,Make Your Move (Remixes),231日目の紹介文,/images/231.jpg,"<iframe src=""https://open.spotify.com/embed/track/7LD4aS65FqkrvvKtJFOMyB?utm_source=generator&theme=0"" width=""100%"" height=""152"" frameBorder=""0"" allowfullscreen="""" allow=""autoplay; clipboard-write; encrypted-media; fullscreen; picture-in-picture"" loading=""lazy""></iframe>","<iframe allow=""autoplay *; encrypted-media *; fullscreen *; clipboard-write"" frameborder=""0"" height=""175"" style=""width:100%;max-width:660px;overflow:hidden;border-radius:10px;"" sandbox=""allow-forms allow-popups allow-same-origin allow-scripts allow-storage-access-by-user-activation allow-top-navigation-by-user-activation"" src=""https://embed.music.apple.com/jp/song/make-your-move-gil-sanders-remix/1737774568""></iframe>",,
232,Roundabout,Yes,Fragile,232日目の紹介文,/images/232.jpg,"<iframe src=""https://open.spotify.com/embed/track/466C6kwoJHLUJ8VHG98hCY?utm_source=generator&theme=0"" width=""100%"" height=""152"" frameBorder=""0"" allowfullscreen="""" allow=""autoplay; clipboard-write; encrypted-media; fullscreen; picture-in-picture"" loading=""lazy""></iframe>","<iframe allow=""autoplay *; encrypted-media *; fullscreen *; clipboard-write"" frameborder=""0"" height=""175"" style=""width:100%;max-width:660px;overflow:hidden;border-radius:10px;"" sandbox=""allow-forms allow-popups allow-same-origin allow-scripts allow-storage-access-by-user-activation allow-top-navigation-by-user-activation"" src=""https://embed.music.apple.com/jp/song/roundabout-2024-remaster/1754934218""></iframe>",,
233,ノオチラス艦長ネモ,あがた森魚,日本少年 -ヂパング・ボーイ,233日目の紹介文,/images/233.jpg,"<iframe src=""https://open.spotify.com/embed/track/0QPEUKYQ9AuEyZdkYQ1lIn?utm_source=generator&theme=0"" width=""100%"" height=""152"" frameBorder=""0"" allowfullscreen="""" allow=""autoplay; clipboard-write; encrypted-media; fullscreen; picture-in-picture"" loading=""lazy""></iframe>","<iframe allow=""autoplay *; encrypted-media *; fullscreen *; clipboard-write"" frameborder=""0"" height=""175"" style=""width:100%;max-width:660px;overflow:hidden;border-radius:10px;"" sandbox=""allow-forms allow-popups allow-same-origin allow-scripts allow-storage-access-by-user-activation allow-top-navigation-by-user-activation"" src=""https://embed.music.apple.com/jp/song/%E3%83%8E%E3%82%AA%E3%83%81%E3%83%A9%E3%82%B9%E8%89%A6%E9%95%B7%E3%83%8D%E3%83%A2/1643122204""></iframe>",,
234,This Groove,Oliver Heldens,This Groove,234日目の紹介文,/images/234.jpg,"<iframe src=""https://open.spotify.com/embed/track/6ZvLKwgPKlyZtDPkTWjPI7?utm_source=generator&theme=0"" width=""100%"" height=""152"" frameBorder=""0"" allowfullscreen="""" allow=""autoplay; clipboard-write; encrypted-media; fullscreen; picture-in-picture"" loading=""lazy""></iframe>","<iframe allow=""autoplay *; encrypted-media *; fullscreen *; clipboard-write"" frameborder=""0"" height=""175"" style=""width:100%;max-width:660px;overflow:hidden;border-radius:10px;"" sandbox=""allow-forms allow-popups allow-same-origin allow-scripts allow-storage-access-by-user-activation allow-top-navigation-by-user-activation"" src=""https://embed.music.apple.com/jp/song/this-groove/1449025035""></iframe>",,
235,45 days,FACT,FACT,235日目の紹介文,/images/235.jpg,"<iframe src=""https://open.spotify.com/embed/track/515qfOPUQfpkfziXYMcTwO?utm_source=generator&theme=0"" width=""100%"" height=""152"" frameBorder=""0"" allowfullscreen="""" allow=""autoplay; clipboard-write; encrypted-media; fullscreen; picture-in-picture"" loading=""lazy""></iframe>","<iframe allow=""autoplay *; encrypted-media *; fullscreen *; clipboard-write"" frameborder=""0"" height=""175"" style=""width:100%;max-width:660px;overflow:hidden;border-radius:10px;"" sandbox=""allow-forms allow-popups allow-same-origin allow-scripts allow-storage-access-by-user-activation allow-top-navigation-by-user-activation"" src=""https://embed.music.apple.com/jp/song/45-days/386123352""></iframe>",,
236,Mad Summer,Joe Hisaishi,菊次郎の夏 (オリジナル・サウンドトラック),236日目の紹介文,/images/236.jpg,"<iframe src=""https://open.spotify.com/embed/track/35U6VAcsGRVhlNBNVCwifa?utm_source=generator&theme=0"" width=""100%"" height=""152"" frameBorder=""0"" allowfullscreen="""" allow=""autoplay; clipboard-write; encrypted-media; fullscreen; picture-in-picture"" loading=""lazy""></iframe>","<iframe allow=""autoplay *; encrypted-media *; fullscreen *; clipboard-write"" frameborder=""0"" height=""175"" style=""width:100%;max-width:660px;overflow:hidden;border-radius:10px;"" sandbox=""allow-forms allow-popups allow-same-origin allow-scripts allow-storage-access-by-user-activation allow-top-navigation-by-user-activation"" src=""https://embed.music.apple.com/jp/song/mad-summer/1498700682""></iframe>",,
237,lust,Rei Harakami,[lust],237日目の紹介文,/images/237.jpg,"<iframe src=""https://open.spotify.com/embed/track/6l2XwFCDccPyfvrAvZ97hC?utm_source=generator&theme=0"" width=""100%"" height=""152"" frameBorder=""0"" allowfullscreen="""" allow=""autoplay; clipboard-write; encrypted-media; fullscreen; picture-in-picture"" loading=""lazy""></iframe>","<iframe allow=""autoplay *; encrypted-media *; fullscreen *; clipboard-write"" frameborder=""0"" height=""175"" style=""width:100%;max-width:660px;overflow:hidden;border-radius:10px;"" sandbox=""allow-forms allow-popups allow-same-origin allow-scripts allow-storage-access-by-user-activation allow-top-navigation-by-user-activation"" src=""https://embed.music.apple.com/jp/song/lust/1149246387""></iframe>",,
238,Katchi - Ofenbach vs. Nick Waterhouse; Mr Belt & Wezol Remix,Ofenbach,Katchi (Ofenbach vs. Nick Waterhouse) [Remixes] - EP,238日目の紹介文,/images/238.jpg,"<iframe src=""https://open.spotify.com/embed/track/4W2SJypIBzoL5g4aMCzOLz?utm_source=generator&theme=0"" width=""100%"" height=""152"" frameBorder=""0"" allowfullscreen="""" allow=""autoplay; clipboard-write; encrypted-media; fullscreen; picture-in-picture"" loading=""lazy""></iframe>","<iframe allow=""autoplay *; encrypted-media *; fullscreen *; clipboard-write"" frameborder=""0"" height=""175"" style=""width:100%;max-width:660px;overflow:hidden;border-radius:10px;"" sandbox=""allow-forms allow-popups allow-same-origin allow-scripts allow-storage-access-by-user-activation allow-top-navigation-by-user-activation"" src=""https://embed.music.apple.com/us/song/katchi-ofenbach-vs-nick-waterhouse-mr-belt-wezol-remix/1303665615""></iframe>",,
239,Krumville,Oneohtrix Point Never,Again,239日目の紹介文,/images/239.jpg,"<iframe src=""https://open.spotify.com/embed/track/0U5dURd7EQUCGjiMktmTQ4?utm_source=generator&theme=0"" width=""100%"" height=""152"" frameBorder=""0"" allowfullscreen="""" allow=""autoplay; clipboard-write; encrypted-media; fullscreen; picture-in-picture"" loading=""lazy""></iframe>","<iframe allow=""autoplay *; encrypted-media *; fullscreen *; clipboard-write"" frameborder=""0"" height=""175"" style=""width:100%;max-width:660px;overflow:hidden;border-radius:10px;"" sandbox=""allow-forms allow-popups allow-same-origin allow-scripts allow-storage-access-by-user-activation allow-top-navigation-by-user-activation"" src=""https://embed.music.apple.com/us/song/krumville/1701849980""></iframe>",,
240,Behind The Sun,"The Good, the Bad & the Queen","The Good, The Bad and The Queen",240日目の紹介文,/images/240.jpg,"<iframe src=""https://open.spotify.com/embed/track/53pygCy9jXomVw03qvx7WD?utm_source=generator&theme=0"" width=""100%"" height=""152"" frameBorder=""0"" allowfullscreen="""" allow=""autoplay; clipboard-write; encrypted-media; fullscreen; picture-in-picture"" loading=""lazy""></iframe>","<iframe allow=""autoplay *; encrypted-media *; fullscreen *; clipboard-write"" frameborder=""0"" height=""175"" style=""width:100%;max-width:660px;overflow:hidden;border-radius:10px;"" sandbox=""allow-forms allow-popups allow-same-origin allow-scripts allow-storage-access-by-user-activation allow-top-navigation-by-user-activation"" src=""https://embed.music.apple.com/us/song/behind-the-sun/850770471""></iframe>",,
241,The Truth - Sam Feldt Remix,James Blunt,The Truth (Sam Feldt Remix),241日目の紹介文,/images/241.jpg,"<iframe src=""https://open.spotify.com/embed/track/4ERDsm0YhyQuP32Qrvg2ne?utm_source=generator&theme=0"" width=""100%"" height=""152"" frameBorder=""0"" allowfullscreen="""" allow=""autoplay; clipboard-write; encrypted-media; fullscreen; picture-in-picture"" loading=""lazy""></iframe>","<iframe allow=""autoplay *; encrypted-media *; fullscreen *; clipboard-write"" frameborder=""0"" height=""175"" style=""width:100%;max-width:660px;overflow:hidden;border-radius:10px;"" sandbox=""allow-forms allow-popups allow-same-origin allow-scripts allow-storage-access-by-user-activation allow-top-navigation-by-user-activation"" src=""https://embed.music.apple.com/us/song/the-truth-sam-feldt-remix/1490857677""></iframe>",,
242,どしゃぶりの雨の中で,Akiko Wada,どしゃぶりの雨の中で,242日目の紹介文,/images/242.jpg,"<iframe src=""https://open.spotify.com/embed/track/31RU1ou4nMMO3qKDdRLeuO?utm_source=generator&theme=0"" width=""100%"" height=""152"" frameBorder=""0"" allowfullscreen="""" allow=""autoplay; clipboard-write; encrypted-media; fullscreen; picture-in-picture"" loading=""lazy""></iframe>","<iframe allow=""autoplay *; encrypted-media *; fullscreen *; clipboard-write"" frameborder=""0"" height=""175"" style=""width:100%;max-width:660px;overflow:hidden;border-radius:10px;"" sandbox=""allow-forms allow-popups allow-same-origin allow-scripts allow-storage-access-by-user-activation allow-top-navigation-by-user-activation"" src=""https://embed.music.apple.com/us/song/doshaburino-ameno-nakade/1568021356""></iframe>",,
243,Summer Wind - Remastered ) [The Frank Sinatra Collection],Frank Sinatra,Nothing But The Best [The Frank Sinatra Collection],243日目の紹介文,/images/243.jpg,"<iframe src=""https://open.spotify.com/embed/track/5yEl8U4FXj5IyAyFkAzveZ?utm_source=generator&theme=0"" width=""100%"" height=""152"" frameBorder=""0"" allowfullscreen="""" allow=""autoplay; clipboard-write; encrypted-media; fullscreen; picture-in-picture"" loading=""lazy""></iframe>","<iframe allow=""autoplay *; encrypted-media *; fullscreen *; clipboard-write"" frameborder=""0"" height=""175"" style=""width:100%;max-width:660px;overflow:hidden;border-radius:10px;"" sandbox=""allow-forms allow-popups allow-same-origin allow-scripts allow-storage-access-by-user-activation allow-top-navigation-by-user-activation"" src=""https://embed.music.apple.com/us/song/summer-wind/1440858130""></iframe>",,
244,Heaven or Not,Diplo,Heaven or Not,244日目の紹介文,/images/244.jpg,"<iframe src=""https://open.spotify.com/embed/track/6B8ZQyILzGTzJZ2BE8ydcF?utm_source=generator&theme=0"" width=""100%"" height=""152"" frameBorder=""0"" allowfullscreen="""" allow=""autoplay; clipboard-write; encrypted-media; fullscreen; picture-in-picture"" loading=""lazy""></iframe>","<iframe allow=""autoplay *; encrypted-media *; fullscreen *; clipboard-write"" frameborder=""0"" height=""175"" style=""width:100%;max-width:660px;overflow:hidden;border-radius:10px;"" sandbox=""allow-forms allow-popups allow-same-origin allow-scripts allow-storage-access-by-user-activation allow-top-navigation-by-user-activation"" src=""https://embed.music.apple.com/jp/song/heaven-or-not-feat-kareen-lomax/1736593212""></iframe>",,
245,俺のドジ,Sekiri,PUSH PUSH BABY,245日目の紹介文,/images/245.jpg,"<iframe src=""https://open.spotify.com/embed/track/1SUhwYu9wPQ8Ai48B4pBmj?utm_source=generator&theme=0"" width=""100%"" height=""152"" frameBorder=""0"" allowfullscreen="""" allow=""autoplay; clipboard-write; encrypted-media; fullscreen; picture-in-picture"" loading=""lazy""></iframe>","<iframe allow=""autoplay *; encrypted-media *; fullscreen *; clipboard-write"" frameborder=""0"" height=""175"" style=""width:100%;max-width:660px;overflow:hidden;border-radius:10px;"" sandbox=""allow-forms allow-popups allow-same-origin allow-scripts allow-storage-access-by-user-activation allow-top-navigation-by-user-activation"" src=""https://embed.music.apple.com/jp/song/%E4%BF%BA%E3%81%AE%E3%83%89%E3%82%B8/1667752166""></iframe>",,
246,Redlight,Swedish House Mafia,Paradise Again,246日目の紹介文,/images/246.jpg,"<iframe src=""https://open.spotify.com/embed/track/48Jf12YHPBCAfAzi255Rvr?utm_source=generator&theme=0"" width=""100%"" height=""152"" frameBorder=""0"" allowfullscreen="""" allow=""autoplay; clipboard-write; encrypted-media; fullscreen; picture-in-picture"" loading=""lazy""></iframe>","<iframe allow=""autoplay *; encrypted-media *; fullscreen *; clipboard-write"" frameborder=""0"" height=""175"" style=""width:100%;max-width:660px;overflow:hidden;border-radius:10px;"" sandbox=""allow-forms allow-popups allow-same-origin allow-scripts allow-storage-access-by-user-activation allow-top-navigation-by-user-activation"" src=""https://embed.music.apple.com/jp/song/redlight/1618145755""></iframe>",,
247,A Bitch Once Told Me,The Koreatown Oddity,Little Dominiques Nosebleed,247日目の紹介文,/images/247.jpg,"<iframe src=""https://open.spotify.com/embed/track/6Cp9p4scQau4gxsekEdqRL?utm_source=generator&theme=0"" width=""100%"" height=""152"" frameBorder=""0"" allowfullscreen="""" allow=""autoplay; clipboard-write; encrypted-media; fullscreen; picture-in-picture"" loading=""lazy""></iframe>","<iframe allow=""autoplay *; encrypted-media *; fullscreen *; clipboard-write"" frameborder=""0"" height=""175"" style=""width:100%;max-width:660px;overflow:hidden;border-radius:10px;"" sandbox=""allow-forms allow-popups allow-same-origin allow-scripts allow-storage-access-by-user-activation allow-top-navigation-by-user-activation"" src=""https://embed.music.apple.com/jp/song/a-bitch-once-told-me/1505648943""></iframe>",,
248,One of These Days,Bedouine,Bedouine (Deluxe),248日目の紹介文,/images/248.jpg,"<iframe src=""https://open.spotify.com/embed/track/3azlo5j5KZPq3qlFlGSDiH?utm_source=generator&theme=0"" width=""100%"" height=""152"" frameBorder=""0"" allowfullscreen="""" allow=""autoplay; clipboard-write; encrypted-media; fullscreen; picture-in-picture"" loading=""lazy""></iframe>","<iframe allow=""autoplay *; encrypted-media *; fullscreen *; clipboard-write"" frameborder=""0"" height=""175"" style=""width:100%;max-width:660px;overflow:hidden;border-radius:10px;"" sandbox=""allow-forms allow-popups allow-same-origin allow-scripts allow-storage-access-by-user-activation allow-top-navigation-by-user-activation"" src=""https://embed.music.apple.com/jp/song/one-of-these-days/1546389659""></iframe>",,
249,Photograph,Astrud Gilberto,The Astrud Gilberto Album,249日目の紹介文,/images/249.jpg,"<iframe src=""https://open.spotify.com/embed/track/6HOtn3ccKCgz2vQkWFIYnp?utm_source=generator&theme=0"" width=""100%"" height=""152"" frameBorder=""0"" allowfullscreen="""" allow=""autoplay; clipboard-write; encrypted-media; fullscreen; picture-in-picture"" loading=""lazy""></iframe>","<iframe allow=""autoplay *; encrypted-media *; fullscreen *; clipboard-write"" frameborder=""0"" height=""175"" style=""width:100%;max-width:660px;overflow:hidden;border-radius:10px;"" sandbox=""allow-forms allow-popups allow-same-origin allow-scripts allow-storage-access-by-user-activation allow-top-navigation-by-user-activation"" src=""https://embed.music.apple.com/jp/song/photograph/1469584396""></iframe>",,
250,"Luglio, agosto, settembre (nero)",Area,Arbeit Macht Frei,250日目の紹介文,/images/250.jpg,"<iframe src=""https://open.spotify.com/embed/track/0TPr5hnZsUpJcibgC9U4OS?utm_source=generator&theme=0"" width=""100%"" height=""152"" frameBorder=""0"" allowfullscreen="""" allow=""autoplay; clipboard-write; encrypted-media; fullscreen; picture-in-picture"" loading=""lazy""></iframe>","<iframe allow=""autoplay *; encrypted-media *; fullscreen *; clipboard-write"" frameborder=""0"" height=""175"" style=""width:100%;max-width:660px;overflow:hidden;border-radius:10px;"" sandbox=""allow-forms allow-popups allow-same-origin allow-scripts allow-storage-access-by-user-activation allow-top-navigation-by-user-activation"" src=""https://embed.music.apple.com/jp/song/luglio-agosto-settembre-nero/726017757?l=en-US""></iframe>",,
251,旋毛からつま先,Yuta Orisaka,平成,251日目の紹介文,/images/251.jpg,"<iframe src=""https://open.spotify.com/embed/track/1biOoFG3XLfwHyMjaNIWGB?utm_source=generator&theme=0"" width=""100%"" height=""152"" frameBorder=""0"" allowfullscreen="""" allow=""autoplay; clipboard-write; encrypted-media; fullscreen; picture-in-picture"" loading=""lazy""></iframe>","<iframe allow=""autoplay *; encrypted-media *; fullscreen *; clipboard-write"" frameborder=""0"" height=""175"" style=""width:100%;max-width:660px;overflow:hidden;border-radius:10px;"" sandbox=""allow-forms allow-popups allow-same-origin allow-scripts allow-storage-access-by-user-activation allow-top-navigation-by-user-activation"" src=""https://embed.music.apple.com/jp/song/%E6%97%8B%E6%AF%9B%E3%81%8B%E3%82%89%E3%81%A4%E3%81%BE%E5%85%88/1436390267""></iframe>",,
252,羽,betcover!!,中学生,252日目の紹介文,/images/252.jpg,"<iframe src=""https://open.spotify.com/embed/track/3UuD6v383gESxa43cqyk6C?utm_source=generator&theme=0"" width=""100%"" height=""152"" frameBorder=""0"" allowfullscreen="""" allow=""autoplay; clipboard-write; encrypted-media; fullscreen; picture-in-picture"" loading=""lazy""></iframe>","<iframe allow=""autoplay *; encrypted-media *; fullscreen *; clipboard-write"" frameborder=""0"" height=""175"" style=""width:100%;max-width:660px;overflow:hidden;border-radius:10px;"" sandbox=""allow-forms allow-popups allow-same-origin allow-scripts allow-storage-access-by-user-activation allow-top-navigation-by-user-activation"" src=""https://embed.music.apple.com/jp/song/%E7%BE%BD/1469032629""></iframe>",,
253,MIRROR BALLS,DATE COURSE PENTAGON ROYAL GARDEN,アイアンマウンテン報告,253日目の紹介文,/images/253.jpg,"<iframe src=""https://open.spotify.com/embed/track/5K5MuaMuGX6gbBpMeSQtVQ?utm_source=generator&theme=0"" width=""100%"" height=""152"" frameBorder=""0"" allowfullscreen="""" allow=""autoplay; clipboard-write; encrypted-media; fullscreen; picture-in-picture"" loading=""lazy""></iframe>","<iframe allow=""autoplay *; encrypted-media *; fullscreen *; clipboard-write"" frameborder=""0"" height=""175"" style=""width:100%;max-width:660px;overflow:hidden;border-radius:10px;"" sandbox=""allow-forms allow-popups allow-same-origin allow-scripts allow-storage-access-by-user-activation allow-top-navigation-by-user-activation"" src=""https://embed.music.apple.com/jp/song/mirror-balls/266640170""></iframe>",,
254,Bayou,Ogawa & Tokoro,Shinmaiko,254日目の紹介文,/images/254.jpg,"<iframe src=""https://open.spotify.com/embed/track/7pTAOb3MPDxQnwUnKcqYo2?utm_source=generator&theme=0"" width=""100%"" height=""152"" frameBorder=""0"" allowfullscreen="""" allow=""autoplay; clipboard-write; encrypted-media; fullscreen; picture-in-picture"" loading=""lazy""></iframe>","<iframe allow=""autoplay *; encrypted-media *; fullscreen *; clipboard-write"" frameborder=""0"" height=""175"" style=""width:100%;max-width:660px;overflow:hidden;border-radius:10px;"" sandbox=""allow-forms allow-popups allow-same-origin allow-scripts allow-storage-access-by-user-activation allow-top-navigation-by-user-activation"" src=""https://embed.music.apple.com/jp/song/bayou/1527263392""></iframe>",,
255,Love Like This,Human Egg,Jean-Pierre Massiera-Psychoses Discoïd (1976-1981),255日目の紹介文,/images/255.jpg,"<iframe src=""https://open.spotify.com/embed/track/3y64AHuNi4QKeocPcoSlN1?utm_source=generator&theme=0"" width=""100%"" height=""152"" frameBorder=""0"" allowfullscreen="""" allow=""autoplay; clipboard-write; encrypted-media; fullscreen; picture-in-picture"" loading=""lazy""></iframe>","<iframe allow=""autoplay *; encrypted-media *; fullscreen *; clipboard-write"" frameborder=""0"" height=""175"" style=""width:100%;max-width:660px;overflow:hidden;border-radius:10px;"" sandbox=""allow-forms allow-popups allow-same-origin allow-scripts allow-storage-access-by-user-activation allow-top-navigation-by-user-activation"" src=""https://embed.music.apple.com/jp/song/love-like-this/1702255503""></iframe>",,
256,There's a New Day Coming,Menahan Street Band,There's a New Day Coming / Tommy Don't,256日目の紹介文,/images/256.jpg,"<iframe src=""https://open.spotify.com/embed/track/69eEpDzuj4U6U4XlLFadPn?utm_source=generator&theme=0"" width=""100%"" height=""152"" frameBorder=""0"" allowfullscreen="""" allow=""autoplay; clipboard-write; encrypted-media; fullscreen; picture-in-picture"" loading=""lazy""></iframe>","<iframe allow=""autoplay *; encrypted-media *; fullscreen *; clipboard-write"" frameborder=""0"" height=""175"" style=""width:100%;max-width:660px;overflow:hidden;border-radius:10px;"" sandbox=""allow-forms allow-popups allow-same-origin allow-scripts allow-storage-access-by-user-activation allow-top-navigation-by-user-activation"" src=""https://embed.music.apple.com/jp/song/theres-a-new-day-coming-feat-saundra-williams/1485625377""></iframe>",,
257,You'll die if you sleep in this place,JAURIM,Lovers,257日目の紹介文,/images/257.jpg,"<iframe src=""https://open.spotify.com/embed/track/3SGKpizrKEJiQCNUTBW7JW?utm_source=generator&theme=0"" width=""100%"" height=""152"" frameBorder=""0"" allowfullscreen="""" allow=""autoplay; clipboard-write; encrypted-media; fullscreen; picture-in-picture"" loading=""lazy""></iframe>","<iframe allow=""autoplay *; encrypted-media *; fullscreen *; clipboard-write"" frameborder=""0"" height=""175"" style=""width:100%;max-width:660px;overflow:hidden;border-radius:10px;"" sandbox=""allow-forms allow-popups allow-same-origin allow-scripts allow-storage-access-by-user-activation allow-top-navigation-by-user-activation"" src=""https://embed.music.apple.com/jp/song/youll-die-if-you-sleep-in-this-place/1486291531""></iframe>",,
258,Salir De La Melancolía,Serú Girán,Peperina,258日目の紹介文,/images/258.jpg,"<iframe src=""https://open.spotify.com/embed/track/4T9Elo8e4WcZzWm6PF3WgW?utm_source=generator&theme=0"" width=""100%"" height=""152"" frameBorder=""0"" allowfullscreen="""" allow=""autoplay; clipboard-write; encrypted-media; fullscreen; picture-in-picture"" loading=""lazy""></iframe>","<iframe allow=""autoplay *; encrypted-media *; fullscreen *; clipboard-write"" frameborder=""0"" height=""175"" style=""width:100%;max-width:660px;overflow:hidden;border-radius:10px;"" sandbox=""allow-forms allow-popups allow-same-origin allow-scripts allow-storage-access-by-user-activation allow-top-navigation-by-user-activation"" src=""https://embed.music.apple.com/jp/song/salir-de-la-melancol%C3%ADa/1420666607""></iframe>",,
259,Amygdala,Henry Cow,Legend,259日目の紹介文,/images/259.jpg,"<iframe src=""https://open.spotify.com/embed/track/6JbEi1w4xGPfOXoSCigDGK?utm_source=generator&theme=0"" width=""100%"" height=""152"" frameBorder=""0"" allowfullscreen="""" allow=""autoplay; clipboard-write; encrypted-media; fullscreen; picture-in-picture"" loading=""lazy""></iframe>","<iframe allow=""autoplay *; encrypted-media *; fullscreen *; clipboard-write"" frameborder=""0"" height=""175"" style=""width:100%;max-width:660px;overflow:hidden;border-radius:10px;"" sandbox=""allow-forms allow-popups allow-same-origin allow-scripts allow-storage-access-by-user-activation allow-top-navigation-by-user-activation"" src=""https://embed.music.apple.com/jp/song/amygdala/62459536""></iframe>",,
260,da screets,MIKE,weight of the world,260日目の紹介文,/images/260.jpg,"<iframe src=""https://open.spotify.com/embed/track/5pa39lVYfyy6SxWeZikRDf?utm_source=generator&theme=0"" width=""100%"" height=""152"" frameBorder=""0"" allowfullscreen="""" allow=""autoplay; clipboard-write; encrypted-media; fullscreen; picture-in-picture"" loading=""lazy""></iframe>","<iframe allow=""autoplay *; encrypted-media *; fullscreen *; clipboard-write"" frameborder=""0"" height=""175"" style=""width:100%;max-width:660px;overflow:hidden;border-radius:10px;"" sandbox=""allow-forms allow-popups allow-same-origin allow-scripts allow-storage-access-by-user-activation allow-top-navigation-by-user-activation"" src=""https://embed.music.apple.com/jp/song/da-screets-feat-jadasea/1618863210""></iframe>",,
261,De frente pro crime,Joyce Moreno,Passarinho Urbano,261日目の紹介文,/images/261.jpg,"<iframe src=""https://open.spotify.com/embed/track/5ev2KCWYHSE78OpVzgP25D?utm_source=generator&theme=0"" width=""100%"" height=""152"" frameBorder=""0"" allowfullscreen="""" allow=""autoplay; clipboard-write; encrypted-media; fullscreen; picture-in-picture"" loading=""lazy""></iframe>","<iframe allow=""autoplay *; encrypted-media *; fullscreen *; clipboard-write"" frameborder=""0"" height=""175"" style=""width:100%;max-width:660px;overflow:hidden;border-radius:10px;"" sandbox=""allow-forms allow-popups allow-same-origin allow-scripts allow-storage-access-by-user-activation allow-top-navigation-by-user-activation"" src=""https://embed.music.apple.com/jp/song/de-frente-pro-crime/299007591""></iframe>",,
262,Bocanada,Gustavo Cerati,Infinito,262日目の紹介文,/images/262.jpg,"<iframe src=""https://open.spotify.com/embed/track/5MaXX2kYTCu1FyOeJ9WDbo?utm_source=generator&theme=0"" width=""100%"" height=""152"" frameBorder=""0"" allowfullscreen="""" allow=""autoplay; clipboard-write; encrypted-media; fullscreen; picture-in-picture"" loading=""lazy""></iframe>",,,
263,Gila,Beach House,Devotion,263日目の紹介文,/images/263.jpg,"<iframe src=""https://open.spotify.com/embed/track/2r3XoShDJnYhatcpfobVmC?utm_source=generator&theme=0"" width=""100%"" height=""152"" frameBorder=""0"" allowfullscreen="""" allow=""autoplay; clipboard-write; encrypted-media; fullscreen; picture-in-picture"" loading=""lazy""></iframe>","<iframe allow=""autoplay *; encrypted-media *; fullscreen *; clipboard-write"" frameborder=""0"" height=""175"" style=""width:100%;max-width:660px;overflow:hidden;border-radius:10px;"" sandbox=""allow-forms allow-popups allow-same-origin allow-scripts allow-storage-access-by-user-activation allow-top-navigation-by-user-activation"" src=""https://embed.music.apple.com/jp/song/gila/1247691986""></iframe>",,
264,R.E.M,Ariana Grande,Sweetener,264日目の紹介文,/images/264.jpg,"<iframe src=""https://open.spotify.com/embed/track/1xWH8zYtDeS9mW1JJG23VZ?utm_source=generator&theme=0"" width=""100%"" height=""152"" frameBorder=""0"" allowfullscreen="""" allow=""autoplay; clipboard-write; encrypted-media; fullscreen; picture-in-picture"" loading=""lazy""></iframe>","<iframe allow=""autoplay *; encrypted-media *; fullscreen *; clipboard-write"" frameborder=""0"" height=""175"" style=""width:100%;max-width:660px;overflow:hidden;border-radius:10px;"" sandbox=""allow-forms allow-popups allow-same-origin allow-scripts allow-storage-access-by-user-activation allow-top-navigation-by-user-activation"" src=""https://embed.music.apple.com/jp/song/r-e-m/1399202953""></iframe>",,
265,The Advent Of Panurge,Gentle Giant,Octopus,265日目の紹介文,/images/265.jpg,"<iframe src=""https://open.spotify.com/embed/track/5UqFSGvjvZJuhiFWxXHmc2?utm_source=generator&theme=0"" width=""100%"" height=""152"" frameBorder=""0"" allowfullscreen="""" allow=""autoplay; clipboard-write; encrypted-media; fullscreen; picture-in-picture"" loading=""lazy""></iframe>","<iframe allow=""autoplay *; encrypted-media *; fullscreen *; clipboard-write"" frameborder=""0"" height=""175"" style=""width:100%;max-width:660px;overflow:hidden;border-radius:10px;"" sandbox=""allow-forms allow-popups allow-same-origin allow-scripts allow-storage-access-by-user-activation allow-top-navigation-by-user-activation"" src=""https://embed.music.apple.com/jp/song/the-advent-of-panurge/1443562146""></iframe>",,
266,"Giocoso, gioioso",Ennio Morricone,Giornata nera per l'Ariete (OST),266日目の紹介文,/images/266.jpg,"<iframe src=""https://open.spotify.com/embed/track/3JeeS7hIuwCDQtspMvoSZ9?utm_source=generator&theme=0"" width=""100%"" height=""152"" frameBorder=""0"" allowfullscreen="""" allow=""autoplay; clipboard-write; encrypted-media; fullscreen; picture-in-picture"" loading=""lazy""></iframe>","<iframe allow=""autoplay *; encrypted-media *; fullscreen *; clipboard-write"" frameborder=""0"" height=""175"" style=""width:100%;max-width:660px;overflow:hidden;border-radius:10px;"" sandbox=""allow-forms allow-popups allow-same-origin allow-scripts allow-storage-access-by-user-activation allow-top-navigation-by-user-activation"" src=""https://embed.music.apple.com/jp/song/giocoso-gioioso/1329260921""></iframe>",,
267,落日,Tokyo Incidents,深夜枠,267日目の紹介文,/images/267.jpg,"<iframe src=""https://open.spotify.com/embed/track/2xXvKsx5sbtPHub78bn8en?utm_source=generator&theme=0"" width=""100%"" height=""152"" frameBorder=""0"" allowfullscreen="""" allow=""autoplay; clipboard-write; encrypted-media; fullscreen; picture-in-picture"" loading=""lazy""></iframe>","<iframe allow=""autoplay *; encrypted-media *; fullscreen *; clipboard-write"" frameborder=""0"" height=""175"" style=""width:100%;max-width:660px;overflow:hidden;border-radius:10px;"" sandbox=""allow-forms allow-popups allow-same-origin allow-scripts allow-storage-access-by-user-activation allow-top-navigation-by-user-activation"" src=""https://embed.music.apple.com/jp/song/%E8%90%BD%E6%97%A5/1440654727""></iframe>",,
268,Loaf Boi,Mr. Bill,Phantasmagoria,268日目の紹介文,/images/268.jpg,"<iframe src=""https://open.spotify.com/embed/track/42poZ9V8WA8alYkaVyNgLD?utm_source=generator&theme=0"" width=""100%"" height=""152"" frameBorder=""0"" allowfullscreen="""" allow=""autoplay; clipboard-write; encrypted-media; fullscreen; picture-in-picture"" loading=""lazy""></iframe>","<iframe allow=""autoplay *; encrypted-media *; fullscreen *; clipboard-write"" frameborder=""0"" height=""175"" style=""width:100%;max-width:660px;overflow:hidden;border-radius:10px;"" sandbox=""allow-forms allow-popups allow-same-origin allow-scripts allow-storage-access-by-user-activation allow-top-navigation-by-user-activation"" src=""https://embed.music.apple.com/jp/song/loaf-boi/1577528900""></iframe>",,
269,Roses,Outkast,Speakerboxxx/The Love Below,269日目の紹介文,/images/269.jpg,"<iframe src=""https://open.spotify.com/embed/track/6bUNEbXT7HovLW6BgPCBsb?utm_source=generator&theme=0"" width=""100%"" height=""152"" frameBorder=""0"" allowfullscreen="""" allow=""autoplay; clipboard-write; encrypted-media; fullscreen; picture-in-picture"" loading=""lazy""></iframe>","<iframe allow=""autoplay *; encrypted-media *; fullscreen *; clipboard-write"" frameborder=""0"" height=""175"" style=""width:100%;max-width:660px;overflow:hidden;border-radius:10px;"" sandbox=""allow-forms allow-popups allow-same-origin allow-scripts allow-storage-access-by-user-activation allow-top-navigation-by-user-activation"" src=""https://embed.music.apple.com/jp/song/roses/1774797004""></iframe>",,
270,All I Can Do,Carpenters,Ticket To Ride,270日目の紹介文,/images/270.jpg,"<iframe src=""https://open.spotify.com/embed/track/7HXn6tMBrsQrIJHu5a1MMA?utm_source=generator&theme=0"" width=""100%"" height=""152"" frameBorder=""0"" allowfullscreen="""" allow=""autoplay; clipboard-write; encrypted-media; fullscreen; picture-in-picture"" loading=""lazy""></iframe>","<iframe allow=""autoplay *; encrypted-media *; fullscreen *; clipboard-write"" frameborder=""0"" height=""175"" style=""width:100%;max-width:660px;overflow:hidden;border-radius:10px;"" sandbox=""allow-forms allow-popups allow-same-origin allow-scripts allow-storage-access-by-user-activation allow-top-navigation-by-user-activation"" src=""https://embed.music.apple.com/jp/song/%E3%82%AA%E3%83%BC%E3%83%AB-%E3%82%A2%E3%82%A4-%E3%82%AD%E3%83%A3%E3%83%B3-%E3%83%89%E3%82%A5/1434887523""></iframe>",,
271,Walkin’ Back to Georgia,Jim Croce,You Don't Mess Around With Jim,271日目の紹介文,/images/271.jpg,"<iframe src=""https://open.spotify.com/embed/track/1y4fbtHSJLqpaQXduQw88e?utm_source=generator&theme=0"" width=""100%"" height=""152"" frameBorder=""0"" allowfullscreen="""" allow=""autoplay; clipboard-write; encrypted-media; fullscreen; picture-in-picture"" loading=""lazy""></iframe>","<iframe allow=""autoplay *; encrypted-media *; fullscreen *; clipboard-write"" frameborder=""0"" height=""175"" style=""width:100%;max-width:660px;overflow:hidden;border-radius:10px;"" sandbox=""allow-forms allow-popups allow-same-origin allow-scripts allow-storage-access-by-user-activation allow-top-navigation-by-user-activation"" src=""https://embed.music.apple.com/jp/song/walkin-back-to-georgia/1674575649""></iframe>",,
272,New Morning,ROTH BART BARON,New Morning,272日目の紹介文,/images/272.jpg,"<iframe src=""https://open.spotify.com/embed/track/3MDzm55OlzM0D2Nw4qfgFb?utm_source=generator&theme=0"" width=""100%"" height=""152"" frameBorder=""0"" allowfullscreen="""" allow=""autoplay; clipboard-write; encrypted-media; fullscreen; picture-in-picture"" loading=""lazy""></iframe>","<iframe allow=""autoplay *; encrypted-media *; fullscreen *; clipboard-write"" frameborder=""0"" height=""175"" style=""width:100%;max-width:660px;overflow:hidden;border-radius:10px;"" sandbox=""allow-forms allow-popups allow-same-origin allow-scripts allow-storage-access-by-user-activation allow-top-navigation-by-user-activation"" src=""https://embed.music.apple.com/jp/song/new-morning/1615341143""></iframe>",,
273,Are You Gonna Be My Girl,Jet,Get Born (Deluxe Edition),273日目の紹介文,/images/273.jpg,"<iframe src=""https://open.spotify.com/embed/track/72zZfHPYx43shcP3eKkYi5?utm_source=generator&theme=0"" width=""100%"" height=""152"" frameBorder=""0"" allowfullscreen="""" allow=""autoplay; clipboard-write; encrypted-media; fullscreen; picture-in-picture"" loading=""lazy""></iframe>","<iframe allow=""autoplay *; encrypted-media *; fullscreen *; clipboard-write"" frameborder=""0"" height=""175"" style=""width:100%;max-width:660px;overflow:hidden;border-radius:10px;"" sandbox=""allow-forms allow-popups allow-same-origin allow-scripts allow-storage-access-by-user-activation allow-top-navigation-by-user-activation"" src=""https://embed.music.apple.com/jp/song/are-you-gonna-be-my-girl/1778048261""></iframe>",,
274,こんな風に過ぎて行くのなら,Maki Asakawa,シングル・コレクション,274日目の紹介文,/images/274.jpg,"<iframe src=""https://open.spotify.com/embed/track/0wrjh2qfn7eGX4ormVCsc7?utm_source=generator&theme=0"" width=""100%"" height=""152"" frameBorder=""0"" allowfullscreen="""" allow=""autoplay; clipboard-write; encrypted-media; fullscreen; picture-in-picture"" loading=""lazy""></iframe>","<iframe allow=""autoplay *; encrypted-media *; fullscreen *; clipboard-write"" frameborder=""0"" height=""175"" style=""width:100%;max-width:660px;overflow:hidden;border-radius:10px;"" sandbox=""allow-forms allow-popups allow-same-origin allow-scripts allow-storage-access-by-user-activation allow-top-navigation-by-user-activation"" src=""https://embed.music.apple.com/jp/song/%E3%81%93%E3%82%93%E3%81%AA%E9%A2%A8%E3%81%AB%E9%81%8E%E3%81%8E%E3%81%A6%E8%A1%8C%E3%81%8F%E3%81%AE%E3%81%AA%E3%82%89/720499716""></iframe>",,
275,Autumn Leaves,Cannonball Adderley,Somethin' Else (Rudy Van Gelder Edition),275日目の紹介文,/images/275.jpg,"<iframe src=""https://open.spotify.com/embed/track/0X5DcGkbxCXSadgj01ZXd7?utm_source=generator&theme=0"" width=""100%"" height=""152"" frameBorder=""0"" allowfullscreen="""" allow=""autoplay; clipboard-write; encrypted-media; fullscreen; picture-in-picture"" loading=""lazy""></iframe>","<iframe allow=""autoplay *; encrypted-media *; fullscreen *; clipboard-write"" frameborder=""0"" height=""175"" style=""width:100%;max-width:660px;overflow:hidden;border-radius:10px;"" sandbox=""allow-forms allow-popups allow-same-origin allow-scripts allow-storage-access-by-user-activation allow-top-navigation-by-user-activation"" src=""https://embed.music.apple.com/jp/song/autumn-leaves/724730318""></iframe>",,
276,Rowan,OFFICIAL HIGE DANDISM,Traveler,276日目の紹介文,/images/276.jpg,"<iframe src=""https://open.spotify.com/embed/track/2xD9nEfXbHxa5nVXQjHb33?utm_source=generator&theme=0"" width=""100%"" height=""152"" frameBorder=""0"" allowfullscreen="""" allow=""autoplay; clipboard-write; encrypted-media; fullscreen; picture-in-picture"" loading=""lazy""></iframe>","<iframe allow=""autoplay *; encrypted-media *; fullscreen *; clipboard-write"" frameborder=""0"" height=""175"" style=""width:100%;max-width:660px;overflow:hidden;border-radius:10px;"" sandbox=""allow-forms allow-popups allow-same-origin allow-scripts allow-storage-access-by-user-activation allow-top-navigation-by-user-activation"" src=""https://embed.music.apple.com/jp/song/rowan/1479397858""></iframe>",,
277,Beef,Ethereal,Beef,277日目の紹介文,/images/277.jpg,"<iframe src=""https://open.spotify.com/embed/track/47Obor5zpUwTRLEQIX9woV?utm_source=generator&theme=0"" width=""100%"" height=""152"" frameBorder=""0"" allowfullscreen="""" allow=""autoplay; clipboard-write; encrypted-media; fullscreen; picture-in-picture"" loading=""lazy""></iframe>","<iframe allow=""autoplay *; encrypted-media *; fullscreen *; clipboard-write"" frameborder=""0"" height=""175"" style=""width:100%;max-width:660px;overflow:hidden;border-radius:10px;"" sandbox=""allow-forms allow-popups allow-same-origin allow-scripts allow-storage-access-by-user-activation allow-top-navigation-by-user-activation"" src=""https://embed.music.apple.com/jp/song/beef-feat-playboi-carti/1627234457""></iframe>",,
278,Sambinha,Rosalia De Souza,D'Improvviso,278日目の紹介文,/images/278.jpg,"<iframe src=""https://open.spotify.com/embed/track/58kPfZhFBOEtTvMRYI2PDp?utm_source=generator&theme=0"" width=""100%"" height=""152"" frameBorder=""0"" allowfullscreen="""" allow=""autoplay; clipboard-write; encrypted-media; fullscreen; picture-in-picture"" loading=""lazy""></iframe>","<iframe allow=""autoplay *; encrypted-media *; fullscreen *; clipboard-write"" frameborder=""0"" height=""175"" style=""width:100%;max-width:660px;overflow:hidden;border-radius:10px;"" sandbox=""allow-forms allow-popups allow-same-origin allow-scripts allow-storage-access-by-user-activation allow-top-navigation-by-user-activation"" src=""https://embed.music.apple.com/jp/song/sambinha/300370601""></iframe>",,
279,まちあわせ,Saho Terao,珈琲,279日目の紹介文,/images/279.jpg,"<iframe src=""https://open.spotify.com/embed/track/2QvdLeSvzLMXofhkvbNuRP?utm_source=generator&theme=0"" width=""100%"" height=""152"" frameBorder=""0"" allowfullscreen="""" allow=""autoplay; clipboard-write; encrypted-media; fullscreen; picture-in-picture"" loading=""lazy""></iframe>","<iframe allow=""autoplay *; encrypted-media *; fullscreen *; clipboard-write"" frameborder=""0"" height=""175"" style=""width:100%;max-width:660px;overflow:hidden;border-radius:10px;"" sandbox=""allow-forms allow-popups allow-same-origin allow-scripts allow-storage-access-by-user-activation allow-top-navigation-by-user-activation"" src=""https://embed.music.apple.com/jp/song/%E3%81%BE%E3%81%A1%E3%81%82%E3%82%8F%E3%81%9B/1411902859""></iframe>",,
280,Night Lights,Gerry Mulligan Sextet,Night Lights (Expanded Edition),280日目の紹介文,/images/280.jpg,"<iframe src=""https://open.spotify.com/embed/track/5eVERkVvJKBgV2FziCoLDE?utm_source=generator&theme=0"" width=""100%"" height=""152"" frameBorder=""0"" allowfullscreen="""" allow=""autoplay; clipboard-write; encrypted-media; fullscreen; picture-in-picture"" loading=""lazy""></iframe>","<iframe allow=""autoplay *; encrypted-media *; fullscreen *; clipboard-write"" frameborder=""0"" height=""175"" style=""width:100%;max-width:660px;overflow:hidden;border-radius:10px;"" sandbox=""allow-forms allow-popups allow-same-origin allow-scripts allow-storage-access-by-user-activation allow-top-navigation-by-user-activation"" src=""https://embed.music.apple.com/jp/song/%E3%83%8A%E3%82%A4%E3%83%88-%E3%83%A9%E3%82%A4%E3%83%84/1446912998""></iframe>",,
281,Tha Divide,Pink Siifu,FlySiifu's (Deluxe Edition),281日目の紹介文,/images/281.jpg,"<iframe src=""https://open.spotify.com/embed/track/4fdl4WbS9Bhv6nZudNnktX?utm_source=generator&theme=0"" width=""100%"" height=""152"" frameBorder=""0"" allowfullscreen="""" allow=""autoplay; clipboard-write; encrypted-media; fullscreen; picture-in-picture"" loading=""lazy""></iframe>","<iframe allow=""autoplay *; encrypted-media *; fullscreen *; clipboard-write"" frameborder=""0"" height=""175"" style=""width:100%;max-width:660px;overflow:hidden;border-radius:10px;"" sandbox=""allow-forms allow-popups allow-same-origin allow-scripts allow-storage-access-by-user-activation allow-top-navigation-by-user-activation"" src=""https://embed.music.apple.com/jp/song/tha-divide-feat-zelooperz-mavi-koncept-jack%24on/1601503178""></iframe>",,
282,Where's My Love,SYML,SYML,282日目の紹介文,/images/282.jpg,"<iframe src=""https://open.spotify.com/embed/track/1B62o4CbdL9ckGvwsz2cgn?utm_source=generator&theme=0"" width=""100%"" height=""152"" frameBorder=""0"" allowfullscreen="""" allow=""autoplay; clipboard-write; encrypted-media; fullscreen; picture-in-picture"" loading=""lazy""></iframe>","<iframe allow=""autoplay *; encrypted-media *; fullscreen *; clipboard-write"" frameborder=""0"" height=""175"" style=""width:100%;max-width:660px;overflow:hidden;border-radius:10px;"" sandbox=""allow-forms allow-popups allow-same-origin allow-scripts allow-storage-access-by-user-activation allow-top-navigation-by-user-activation"" src=""https://embed.music.apple.com/jp/song/wheres-my-love/1606587154""></iframe>",,
283,狐の嫁入り行進曲,宮間利之とニュー・ハード,仁王と鳩,283日目の紹介文,/images/283.jpg,"<iframe src=""https://open.spotify.com/embed/track/1J1lVuoAJllePJ7lk44qKo?utm_source=generator&theme=0"" width=""100%"" height=""152"" frameBorder=""0"" allowfullscreen="""" allow=""autoplay; clipboard-write; encrypted-media; fullscreen; picture-in-picture"" loading=""lazy""></iframe>","<iframe allow=""autoplay *; encrypted-media *; fullscreen *; clipboard-write"" frameborder=""0"" height=""175"" style=""width:100%;max-width:660px;overflow:hidden;border-radius:10px;"" sandbox=""allow-forms allow-popups allow-same-origin allow-scripts allow-storage-access-by-user-activation allow-top-navigation-by-user-activation"" src=""https://embed.music.apple.com/jp/song/%E7%8B%90%E3%81%AE%E5%AB%81%E5%85%A5%E3%82%8A%E8%A1%8C%E9%80%B2%E6%9B%B2/1474202752""></iframe>",,
284,Uncle Albert / Admiral Halsey - Medley / 2012 Remaster,Paul McCartney,Ram (Archive Collection),284日目の紹介文,/images/284.jpg,"<iframe src=""https://open.spotify.com/embed/track/5SwgE4wA0P7f6AEz2UQMB2?utm_source=generator&theme=0"" width=""100%"" height=""152"" frameBorder=""0"" allowfullscreen="""" allow=""autoplay; clipboard-write; encrypted-media; fullscreen; picture-in-picture"" loading=""lazy""></iframe>","<iframe allow=""autoplay *; encrypted-media *; fullscreen *; clipboard-write"" frameborder=""0"" height=""175"" style=""width:100%;max-width:660px;overflow:hidden;border-radius:10px;"" sandbox=""allow-forms allow-popups allow-same-origin allow-scripts allow-storage-access-by-user-activation allow-top-navigation-by-user-activation"" src=""https://embed.music.apple.com/jp/song/uncle-albert-admiral-halsey/1434073393""></iframe>",,
285,Beautiful girl,Gateballers,「The all」=「Poem」,285日目の紹介文,/images/285.jpg,"<iframe src=""https://open.spotify.com/embed/track/2Jxww1YGBy2rLPxZCdYMO9?utm_source=generator&theme=0"" width=""100%"" height=""152"" frameBorder=""0"" allowfullscreen="""" allow=""autoplay; clipboard-write; encrypted-media; fullscreen; picture-in-picture"" loading=""lazy""></iframe>","<iframe allow=""autoplay *; encrypted-media *; fullscreen *; clipboard-write"" frameborder=""0"" height=""175"" style=""width:100%;max-width:660px;overflow:hidden;border-radius:10px;"" sandbox=""allow-forms allow-popups allow-same-origin allow-scripts allow-storage-access-by-user-activation allow-top-navigation-by-user-activation"" src=""https://embed.music.apple.com/jp/song/beautiful-girl/1350721605""></iframe>",,
286,Porto,Dori Caymmi,Dori Caymmi (1980),286日目の紹介文,/images/286.jpg,"<iframe src=""https://open.spotify.com/embed/track/6mttPfa53PF6MC5Oq4GW3k?utm_source=generator&theme=0"" width=""100%"" height=""152"" frameBorder=""0"" allowfullscreen="""" allow=""autoplay; clipboard-write; encrypted-media; fullscreen; picture-in-picture"" loading=""lazy""></iframe>","<iframe allow=""autoplay *; encrypted-media *; fullscreen *; clipboard-write"" frameborder=""0"" height=""175"" style=""width:100%;max-width:660px;overflow:hidden;border-radius:10px;"" sandbox=""allow-forms allow-popups allow-same-origin allow-scripts allow-storage-access-by-user-activation allow-top-navigation-by-user-activation"" src=""https://embed.music.apple.com/jp/song/porto/1476778348""></iframe>",,
287,The Invisible Man,Maruja,The Invisible Man,287日目の紹介文,/images/287.jpg,"<iframe src=""https://open.spotify.com/embed/track/5yojQqvfXYyUu4NnYbFrjW?utm_source=generator&theme=0"" width=""100%"" height=""152"" frameBorder=""0"" allowfullscreen="""" allow=""autoplay; clipboard-write; encrypted-media; fullscreen; picture-in-picture"" loading=""lazy""></iframe>","<iframe allow=""autoplay *; encrypted-media *; fullscreen *; clipboard-write"" frameborder=""0"" height=""450"" style=""width:100%;max-width:660px;overflow:hidden;border-radius:10px;"" sandbox=""allow-forms allow-popups allow-same-origin allow-scripts allow-storage-access-by-user-activation allow-top-navigation-by-user-activation"" src=""https://embed.music.apple.com/jp/album/the-invisible-man-single/1727505114""></iframe>",,
288,I Like to Be with You in the Sun,Bridget St John,Dandelion Albums and BBC Collection,288日目の紹介文,/images/288.jpg,"<iframe src=""https://open.spotify.com/embed/track/2eh82THBhxUrt6Hghgzyfj?utm_source=generator&theme=0"" width=""100%"" height=""152"" frameBorder=""0"" allowfullscreen="""" allow=""autoplay; clipboard-write; encrypted-media; fullscreen; picture-in-picture"" loading=""lazy""></iframe>","<iframe allow=""autoplay *; encrypted-media *; fullscreen *; clipboard-write"" frameborder=""0"" height=""175"" style=""width:100%;max-width:660px;overflow:hidden;border-radius:10px;"" sandbox=""allow-forms allow-popups allow-same-origin allow-scripts allow-storage-access-by-user-activation allow-top-navigation-by-user-activation"" src=""https://embed.music.apple.com/jp/song/i-like-to-be-with-you-in-the-sun/960618241""></iframe>",,
289,Pachuco Cadaver,Captain Beefheart,Grow Fins - Rarities 1965-1982,289日目の紹介文,/images/289.jpg,"<iframe src=""https://open.spotify.com/embed/track/5ShTdJjNkLuw6nrg4hD6oy?utm_source=generator&theme=0"" width=""100%"" height=""152"" frameBorder=""0"" allowfullscreen="""" allow=""autoplay; clipboard-write; encrypted-media; fullscreen; picture-in-picture"" loading=""lazy""></iframe>","<iframe allow=""autoplay *; encrypted-media *; fullscreen *; clipboard-write"" frameborder=""0"" height=""175"" style=""width:100%;max-width:660px;overflow:hidden;border-radius:10px;"" sandbox=""allow-forms allow-popups allow-same-origin allow-scripts allow-storage-access-by-user-activation allow-top-navigation-by-user-activation"" src=""https://embed.music.apple.com/jp/song/pachuco-cadaver/137667310""></iframe>",,
290,Sanfona,Egberto Gismonti,Em Família,290日目の紹介文,/images/290.jpg,"<iframe src=""https://open.spotify.com/embed/track/7Jn8XNKVaksKaZ7x1tQ4ys?utm_source=generator&theme=0"" width=""100%"" height=""152"" frameBorder=""0"" allowfullscreen="""" allow=""autoplay; clipboard-write; encrypted-media; fullscreen; picture-in-picture"" loading=""lazy""></iframe>","<iframe allow=""autoplay *; encrypted-media *; fullscreen *; clipboard-write"" frameborder=""0"" height=""175"" style=""width:100%;max-width:660px;overflow:hidden;border-radius:10px;"" sandbox=""allow-forms allow-popups allow-same-origin allow-scripts allow-storage-access-by-user-activation allow-top-navigation-by-user-activation"" src=""https://embed.music.apple.com/jp/song/%E3%82%B5%E3%83%B3%E3%83%95%E3%82%A1%E3%83%8E/1686777372""></iframe>",,
291,真ん中で,OGRE YOU ASSHOLE,浮かれている人,291日目の紹介文,/images/291.jpg,"<iframe src=""https://open.spotify.com/embed/track/76RjaeGOUleDw6XTmhGjBy?utm_source=generator&theme=0"" width=""100%"" height=""152"" frameBorder=""0"" allowfullscreen="""" allow=""autoplay; clipboard-write; encrypted-media; fullscreen; picture-in-picture"" loading=""lazy""></iframe>","<iframe allow=""autoplay *; encrypted-media *; fullscreen *; clipboard-write"" frameborder=""0"" height=""175"" style=""width:100%;max-width:660px;overflow:hidden;border-radius:10px;"" sandbox=""allow-forms allow-popups allow-same-origin allow-scripts allow-storage-access-by-user-activation allow-top-navigation-by-user-activation"" src=""https://embed.music.apple.com/jp/song/%E7%9C%9F%E3%82%93%E4%B8%AD%E3%81%A7/469848283""></iframe>",,
292,Ouda,Hamid Al Shaeri,Kawahel,292日目の紹介文,/images/292.jpg,"<iframe src=""https://open.spotify.com/embed/track/3x9BHDNsyg50xSEzmLMyUd?utm_source=generator&theme=0"" width=""100%"" height=""152"" frameBorder=""0"" allowfullscreen="""" allow=""autoplay; clipboard-write; encrypted-media; fullscreen; picture-in-picture"" loading=""lazy""></iframe>","<iframe allow=""autoplay *; encrypted-media *; fullscreen *; clipboard-write"" frameborder=""0"" height=""175"" style=""width:100%;max-width:660px;overflow:hidden;border-radius:10px;"" sandbox=""allow-forms allow-popups allow-same-origin allow-scripts allow-storage-access-by-user-activation allow-top-navigation-by-user-activation"" src=""https://embed.music.apple.com/jp/song/ouda/161455543""></iframe>",,
293,Can It Be All So Simple / Intermission,Wu-Tang Clan,Enter The Wu-Tang (36 Chambers) [Expanded Edition],293日目の紹介文,/images/293.jpg,"<iframe src=""https://open.spotify.com/embed/track/1Mi6uegC4pRxQZw1CB5Fk9?utm_source=generator&theme=0"" width=""100%"" height=""152"" frameBorder=""0"" allowfullscreen="""" allow=""autoplay; clipboard-write; encrypted-media; fullscreen; picture-in-picture"" loading=""lazy""></iframe>","<iframe allow=""autoplay *; encrypted-media *; fullscreen *; clipboard-write"" frameborder=""0"" height=""175"" style=""width:100%;max-width:660px;overflow:hidden;border-radius:10px;"" sandbox=""allow-forms allow-popups allow-same-origin allow-scripts allow-storage-access-by-user-activation allow-top-navigation-by-user-activation"" src=""https://embed.music.apple.com/jp/song/can-it-be-all-so-simple-intermission/269842753""></iframe>",,
294,MR. WALKING DRUGSTORE MAN - 2017 Remaster,"Speed, Glue & Shinki",イヴ 前夜 (2017 Remaster),294日目の紹介文,/images/294.jpg,"<iframe src=""https://open.spotify.com/embed/track/7rBger7q7egubW0SyMZm2h?utm_source=generator&theme=0"" width=""100%"" height=""152"" frameBorder=""0"" allowfullscreen="""" allow=""autoplay; clipboard-write; encrypted-media; fullscreen; picture-in-picture"" loading=""lazy""></iframe>","<iframe allow=""autoplay *; encrypted-media *; fullscreen *; clipboard-write"" frameborder=""0"" height=""175"" style=""width:100%;max-width:660px;overflow:hidden;border-radius:10px;"" sandbox=""allow-forms allow-popups allow-same-origin allow-scripts allow-storage-access-by-user-activation allow-top-navigation-by-user-activation"" src=""https://embed.music.apple.com/jp/song/mr-walking-drugstore-man-2017-remaster/1491049226""></iframe>",,
295,The Inspector Clouseau Theme,Henry Mancini,The Trail of the Pink Panther: Music From The Motion Picture,295日目の紹介文,/images/295.jpg,"<iframe src=""https://open.spotify.com/embed/track/5uzqMJTmb5kdRoRooLMWwJ?utm_source=generator&theme=0"" width=""100%"" height=""152"" frameBorder=""0"" allowfullscreen="""" allow=""autoplay; clipboard-write; encrypted-media; fullscreen; picture-in-picture"" loading=""lazy""></iframe>","<iframe allow=""autoplay *; encrypted-media *; fullscreen *; clipboard-write"" frameborder=""0"" height=""175"" style=""width:100%;max-width:660px;overflow:hidden;border-radius:10px;"" sandbox=""allow-forms allow-popups allow-same-origin allow-scripts allow-storage-access-by-user-activation allow-top-navigation-by-user-activation"" src=""https://embed.music.apple.com/jp/song/the-inspector-clouseau-theme/715819748""></iframe>",,
296,Late At Night,Beta Librae,Late At Night,296日目の紹介文,/images/296.jpg,"<iframe src=""https://open.spotify.com/embed/track/2Q49SbtXKqhiKGCZhg4fNd?utm_source=generator&theme=0"" width=""100%"" height=""152"" frameBorder=""0"" allowfullscreen="""" allow=""autoplay; clipboard-write; encrypted-media; fullscreen; picture-in-picture"" loading=""lazy""></iframe>","<iframe allow=""autoplay *; encrypted-media *; fullscreen *; clipboard-write"" frameborder=""0"" height=""175"" style=""width:100%;max-width:660px;overflow:hidden;border-radius:10px;"" sandbox=""allow-forms allow-popups allow-same-origin allow-scripts allow-storage-access-by-user-activation allow-top-navigation-by-user-activation"" src=""https://embed.music.apple.com/jp/song/late-at-night/1679794354""></iframe>",,
297,Tell Me What I Don't Know,Danny Brown,Atrocity Exhibition,297日目の紹介文,/images/297.jpg,"<iframe src=""https://open.spotify.com/embed/track/2oH5JvMxPlgMFTYUkOZxOn?utm_source=generator&theme=0"" width=""100%"" height=""152"" frameBorder=""0"" allowfullscreen="""" allow=""autoplay; clipboard-write; encrypted-media; fullscreen; picture-in-picture"" loading=""lazy""></iframe>","<iframe allow=""autoplay *; encrypted-media *; fullscreen *; clipboard-write"" frameborder=""0"" height=""175"" style=""width:100%;max-width:660px;overflow:hidden;border-radius:10px;"" sandbox=""allow-forms allow-popups allow-same-origin allow-scripts allow-storage-access-by-user-activation allow-top-navigation-by-user-activation"" src=""https://embed.music.apple.com/jp/song/tell-me-what-i-dont-know/1144766305""></iframe>",,
298,My White Bicycle - 2023 Remaster,Tomorrow,Permanent Dream (2023 Remaster),298日目の紹介文,/images/298.jpg,"<iframe src=""https://open.spotify.com/embed/track/0tUKTNVlHogXwAD2lu4Vm1?utm_source=generator&theme=0"" width=""100%"" height=""152"" frameBorder=""0"" allowfullscreen="""" allow=""autoplay; clipboard-write; encrypted-media; fullscreen; picture-in-picture"" loading=""lazy""></iframe>","<iframe allow=""autoplay *; encrypted-media *; fullscreen *; clipboard-write"" frameborder=""0"" height=""175"" style=""width:100%;max-width:660px;overflow:hidden;border-radius:10px;"" sandbox=""allow-forms allow-popups allow-same-origin allow-scripts allow-storage-access-by-user-activation allow-top-navigation-by-user-activation"" src=""https://embed.music.apple.com/jp/song/my-white-bicycle-2023-remaster/1698412536""></iframe>",,
299,Part of the Game,Velveteen,Part of the Game,299日目の紹介文,/images/299.jpg,"<iframe src=""https://open.spotify.com/embed/track/3ARUZbV40YIBegFOIQjwKQ?utm_source=generator&theme=0"" width=""100%"" height=""152"" frameBorder=""0"" allowfullscreen="""" allow=""autoplay; clipboard-write; encrypted-media; fullscreen; picture-in-picture"" loading=""lazy""></iframe>","<iframe allow=""autoplay *; encrypted-media *; fullscreen *; clipboard-write"" frameborder=""0"" height=""175"" style=""width:100%;max-width:660px;overflow:hidden;border-radius:10px;"" sandbox=""allow-forms allow-popups allow-same-origin allow-scripts allow-storage-access-by-user-activation allow-top-navigation-by-user-activation"" src=""https://embed.music.apple.com/jp/song/part-of-the-game/1467876441""></iframe>",,
300,Theme For A New Day,Azar Lawrence,People Moving,300日目の紹介文,/images/300.jpg,"<iframe src=""https://open.spotify.com/embed/track/5UMy7M46HPtfZJEvSV5v3u?utm_source=generator&theme=0"" width=""100%"" height=""152"" frameBorder=""0"" allowfullscreen="""" allow=""autoplay; clipboard-write; encrypted-media; fullscreen; picture-in-picture"" loading=""lazy""></iframe>","<iframe allow=""autoplay *; encrypted-media *; fullscreen *; clipboard-write"" frameborder=""0"" height=""175"" style=""width:100%;max-width:660px;overflow:hidden;border-radius:10px;"" sandbox=""allow-forms allow-popups allow-same-origin allow-scripts allow-storage-access-by-user-activation allow-top-navigation-by-user-activation"" src=""https://embed.music.apple.com/jp/song/theme-for-a-new-day/1686518860""></iframe>",,
301,It's Gonna Get Better - 2007 Remaster,Genesis,Genesis (2007 Remaster),301日目の紹介文,/images/301.jpg,"<iframe src=""https://open.spotify.com/embed/track/59UvYGlOJaphdjt6jGKX5O?utm_source=generator&theme=0"" width=""100%"" height=""152"" frameBorder=""0"" allowfullscreen="""" allow=""autoplay; clipboard-write; encrypted-media; fullscreen; picture-in-picture"" loading=""lazy""></iframe>","<iframe allow=""autoplay *; encrypted-media *; fullscreen *; clipboard-write"" frameborder=""0"" height=""175"" style=""width:100%;max-width:660px;overflow:hidden;border-radius:10px;"" sandbox=""allow-forms allow-popups allow-same-origin allow-scripts allow-storage-access-by-user-activation allow-top-navigation-by-user-activation"" src=""https://embed.music.apple.com/jp/song/its-gonna-get-better/267976379""></iframe>",,
302,Não Adianta,Trio Mocoto,Trio Mocoto,302日目の紹介文,/images/302.jpg,"<iframe src=""https://open.spotify.com/embed/track/7rud54XCjLv3AQbaUAtxU1?utm_source=generator&theme=0"" width=""100%"" height=""152"" frameBorder=""0"" allowfullscreen="""" allow=""autoplay; clipboard-write; encrypted-media; fullscreen; picture-in-picture"" loading=""lazy""></iframe>","<iframe allow=""autoplay *; encrypted-media *; fullscreen *; clipboard-write"" frameborder=""0"" height=""175"" style=""width:100%;max-width:660px;overflow:hidden;border-radius:10px;"" sandbox=""allow-forms allow-popups allow-same-origin allow-scripts allow-storage-access-by-user-activation allow-top-navigation-by-user-activation"" src=""https://embed.music.apple.com/jp/song/n%C3%A3o-adianta/1446048656""></iframe>",,
303,Island In The Sun,Weezer,Weezer,303日目の紹介文,/images/303.jpg,"<iframe src=""https://open.spotify.com/embed/track/2MLHyLy5z5l5YRp7momlgw?utm_source=generator&theme=0"" width=""100%"" height=""152"" frameBorder=""0"" allowfullscreen="""" allow=""autoplay; clipboard-write; encrypted-media; fullscreen; picture-in-picture"" loading=""lazy""></iframe>","<iframe allow=""autoplay *; encrypted-media *; fullscreen *; clipboard-write"" frameborder=""0"" height=""175"" style=""width:100%;max-width:660px;overflow:hidden;border-radius:10px;"" sandbox=""allow-forms allow-popups allow-same-origin allow-scripts allow-storage-access-by-user-activation allow-top-navigation-by-user-activation"" src=""https://embed.music.apple.com/jp/song/island-in-the-sun/1440868258""></iframe>",,
304,天国より野蛮 - (DJ KRUSH mix),Miki Nakatani,vague,304日目の紹介文,/images/304.jpg,"<iframe src=""https://open.spotify.com/embed/track/0sFigXOhcM1Poi2upSkkE4?utm_source=generator&theme=0"" width=""100%"" height=""152"" frameBorder=""0"" allowfullscreen="""" allow=""autoplay; clipboard-write; encrypted-media; fullscreen; picture-in-picture"" loading=""lazy""></iframe>","<iframe allow=""autoplay *; encrypted-media *; fullscreen *; clipboard-write"" frameborder=""0"" height=""175"" style=""width:100%;max-width:660px;overflow:hidden;border-radius:10px;"" sandbox=""allow-forms allow-popups allow-same-origin allow-scripts allow-storage-access-by-user-activation allow-top-navigation-by-user-activation"" src=""https://embed.music.apple.com/jp/song/%E5%A4%A9%E5%9B%BD%E3%82%88%E3%82%8A%E9%87%8E%E8%9B%AE-dj-krush-mix/934757043""></iframe>",,
305,Rustic Hop,Stan Getz,Stan Getz And The Cool Sounds,305日目の紹介文,/images/305.jpg,"<iframe src=""https://open.spotify.com/embed/track/4sktVVsSNIGM0NEj5DBNRo?utm_source=generator&theme=0"" width=""100%"" height=""152"" frameBorder=""0"" allowfullscreen="""" allow=""autoplay; clipboard-write; encrypted-media; fullscreen; picture-in-picture"" loading=""lazy""></iframe>","<iframe allow=""autoplay *; encrypted-media *; fullscreen *; clipboard-write"" frameborder=""0"" height=""175"" style=""width:100%;max-width:660px;overflow:hidden;border-radius:10px;"" sandbox=""allow-forms allow-popups allow-same-origin allow-scripts allow-storage-access-by-user-activation allow-top-navigation-by-user-activation"" src=""https://embed.music.apple.com/jp/song/%E3%83%A9%E3%82%B9%E3%83%86%E3%82%A3%E3%83%83%E3%82%AF-%E3%83%9B%E3%83%83%E3%83%97/1444200865""></iframe>",,
306,ぼくの好きな先生,RC Succession,初期のRCサクセション,306日目の紹介文,/images/306.jpg,"<iframe src=""https://open.spotify.com/embed/track/2HTxr6YK5X9y5RS1bFE4Ea?utm_source=generator&theme=0"" width=""100%"" height=""152"" frameBorder=""0"" allowfullscreen="""" allow=""autoplay; clipboard-write; encrypted-media; fullscreen; picture-in-picture"" loading=""lazy""></iframe>","<iframe allow=""autoplay *; encrypted-media *; fullscreen *; clipboard-write"" frameborder=""0"" height=""175"" style=""width:100%;max-width:660px;overflow:hidden;border-radius:10px;"" sandbox=""allow-forms allow-popups allow-same-origin allow-scripts allow-storage-access-by-user-activation allow-top-navigation-by-user-activation"" src=""https://embed.music.apple.com/jp/song/%E3%81%BC%E3%81%8F%E3%81%AE%E5%A5%BD%E3%81%8D%E3%81%AA%E5%85%88%E7%94%9F/1442944426""></iframe>",,
307,Sh-Boom,The Chords,Life Could Be a Dream: The Sh-Boom Sound of The Chords,307日目の紹介文,/images/307.jpg,"<iframe src=""https://open.spotify.com/embed/track/2drXvACELcvwryaFRiRPdA?utm_source=generator&theme=0"" width=""100%"" height=""152"" frameBorder=""0"" allowfullscreen="""" allow=""autoplay; clipboard-write; encrypted-media; fullscreen; picture-in-picture"" loading=""lazy""></iframe>","<iframe allow=""autoplay *; encrypted-media *; fullscreen *; clipboard-write"" frameborder=""0"" height=""175"" style=""width:100%;max-width:660px;overflow:hidden;border-radius:10px;"" sandbox=""allow-forms allow-popups allow-same-origin allow-scripts allow-storage-access-by-user-activation allow-top-navigation-by-user-activation"" src=""https://embed.music.apple.com/jp/song/sh-boom/1651998994""></iframe>",,
308,After Hours,The Velvet Underground,The Velvet Underground (45th Anniversary),308日目の紹介文,/images/308.jpg,"<iframe src=""https://open.spotify.com/embed/track/6cA1usDL8nTHeSgFewQat3?utm_source=generator&theme=0"" width=""100%"" height=""152"" frameBorder=""0"" allowfullscreen="""" allow=""autoplay; clipboard-write; encrypted-media; fullscreen; picture-in-picture"" loading=""lazy""></iframe>","<iframe allow=""autoplay *; encrypted-media *; fullscreen *; clipboard-write"" frameborder=""0"" height=""175"" style=""width:100%;max-width:660px;overflow:hidden;border-radius:10px;"" sandbox=""allow-forms allow-popups allow-same-origin allow-scripts allow-storage-access-by-user-activation allow-top-navigation-by-user-activation"" src=""https://embed.music.apple.com/jp/song/after-hours/1469578724""></iframe>",,
309,Lose Somebody,Kygo,Lose Somebody,309日目の紹介文,/images/309.jpg,"<iframe src=""https://open.spotify.com/embed/track/7xbWAw3LMgRMn4omR5yVn3?utm_source=generator&theme=0"" width=""100%"" height=""152"" frameBorder=""0"" allowfullscreen="""" allow=""autoplay; clipboard-write; encrypted-media; fullscreen; picture-in-picture"" loading=""lazy""></iframe>","<iframe allow=""autoplay *; encrypted-media *; fullscreen *; clipboard-write"" frameborder=""0"" height=""175"" style=""width:100%;max-width:660px;overflow:hidden;border-radius:10px;"" sandbox=""allow-forms allow-popups allow-same-origin allow-scripts allow-storage-access-by-user-activation allow-top-navigation-by-user-activation"" src=""https://embed.music.apple.com/jp/song/lose-somebody/1513224622""></iframe>",,
310,"Them, Their",Jan Jelinek,Loop-Finding-Jazz-Records,310日目の紹介文,/images/310.jpg,"<iframe src=""https://open.spotify.com/embed/track/15LwuDTG0XV2slR4pcVaYE?utm_source=generator&theme=0"" width=""100%"" height=""152"" frameBorder=""0"" allowfullscreen="""" allow=""autoplay; clipboard-write; encrypted-media; fullscreen; picture-in-picture"" loading=""lazy""></iframe>","<iframe allow=""autoplay *; encrypted-media *; fullscreen *; clipboard-write"" frameborder=""0"" height=""175"" style=""width:100%;max-width:660px;overflow:hidden;border-radius:10px;"" sandbox=""allow-forms allow-popups allow-same-origin allow-scripts allow-storage-access-by-user-activation allow-top-navigation-by-user-activation"" src=""https://embed.music.apple.com/jp/song/them-their/431640590""></iframe>",,
311,ヤキトリ,おとぼけビ〜バ〜,スーパーチャンポン,311日目の紹介文,/images/311.jpg,"<iframe src=""https://open.spotify.com/embed/track/3tRHvzDjzaiiNpnlYya95O?utm_source=generator&theme=0"" width=""100%"" height=""152"" frameBorder=""0"" allowfullscreen="""" allow=""autoplay; clipboard-write; encrypted-media; fullscreen; picture-in-picture"" loading=""lazy""></iframe>","<iframe allow=""autoplay *; encrypted-media *; fullscreen *; clipboard-write"" frameborder=""0"" height=""175"" style=""width:100%;max-width:660px;overflow:hidden;border-radius:10px;"" sandbox=""allow-forms allow-popups allow-same-origin allow-scripts allow-storage-access-by-user-activation allow-top-navigation-by-user-activation"" src=""https://embed.music.apple.com/jp/song/%E3%83%A4%E3%82%AD%E3%83%88%E3%83%AA/1613335833""></iframe>",,
312,Pain,454,CASTS OF A DREAMER,312日目の紹介文,/images/312.jpg,"<iframe src=""https://open.spotify.com/embed/track/7iv8YFZ6Jp6lBECekcWhvZ?utm_source=generator&theme=0"" width=""100%"" height=""152"" frameBorder=""0"" allowfullscreen="""" allow=""autoplay; clipboard-write; encrypted-media; fullscreen; picture-in-picture"" loading=""lazy""></iframe>","<iframe allow=""autoplay *; encrypted-media *; fullscreen *; clipboard-write"" frameborder=""0"" height=""175"" style=""width:100%;max-width:660px;overflow:hidden;border-radius:10px;"" sandbox=""allow-forms allow-popups allow-same-origin allow-scripts allow-storage-access-by-user-activation allow-top-navigation-by-user-activation"" src=""https://embed.music.apple.com/jp/song/pain/1788706454""></iframe>",,
313,でも・デモ・DEMO,暗黒大陸じゃがたら,南蛮渡来,313日目の紹介文,/images/313.jpg,"<iframe src=""https://open.spotify.com/embed/track/2Cls9nMHqaP27A06KyvJQX?utm_source=generator&theme=0"" width=""100%"" height=""152"" frameBorder=""0"" allowfullscreen="""" allow=""autoplay; clipboard-write; encrypted-media; fullscreen; picture-in-picture"" loading=""lazy""></iframe>","<iframe allow=""autoplay *; encrypted-media *; fullscreen *; clipboard-write"" frameborder=""0"" height=""175"" style=""width:100%;max-width:660px;overflow:hidden;border-radius:10px;"" sandbox=""allow-forms allow-popups allow-same-origin allow-scripts allow-storage-access-by-user-activation allow-top-navigation-by-user-activation"" src=""https://embed.music.apple.com/jp/song/%E3%81%A7%E3%82%82-%E3%83%87%E3%83%A2-demo/1537225852""></iframe>",,
314,Happiness Is a Warm Gun,Tori Amos,Strange Little Girls,314日目の紹介文,/images/314.jpg,"<iframe src=""https://open.spotify.com/embed/track/5fDchUGS9ypF8kMHSejdiN?utm_source=generator&theme=0"" width=""100%"" height=""152"" frameBorder=""0"" allowfullscreen="""" allow=""autoplay; clipboard-write; encrypted-media; fullscreen; picture-in-picture"" loading=""lazy""></iframe>","<iframe allow=""autoplay *; encrypted-media *; fullscreen *; clipboard-write"" frameborder=""0"" height=""175"" style=""width:100%;max-width:660px;overflow:hidden;border-radius:10px;"" sandbox=""allow-forms allow-popups allow-same-origin allow-scripts allow-storage-access-by-user-activation allow-top-navigation-by-user-activation"" src=""https://embed.music.apple.com/jp/song/happiness-is-a-warm-gun/296550589""></iframe>",,
315,Memoir,Ann Annie,Wander Into,315日目の紹介文,/images/315.jpg,"<iframe src=""https://open.spotify.com/embed/track/6PyHjGCsi4UucMjQqUFc6k?utm_source=generator&theme=0"" width=""100%"" height=""152"" frameBorder=""0"" allowfullscreen="""" allow=""autoplay; clipboard-write; encrypted-media; fullscreen; picture-in-picture"" loading=""lazy""></iframe>","<iframe allow=""autoplay *; encrypted-media *; fullscreen *; clipboard-write"" frameborder=""0"" height=""175"" style=""width:100%;max-width:660px;overflow:hidden;border-radius:10px;"" sandbox=""allow-forms allow-popups allow-same-origin allow-scripts allow-storage-access-by-user-activation allow-top-navigation-by-user-activation"" src=""https://embed.music.apple.com/jp/song/memoir/1683839631""></iframe>",,
316,Turn That Heartbeat Over Again,Steely Dan,Can't Buy A Thrill,316日目の紹介文,/images/316.jpg,"<iframe src=""https://open.spotify.com/embed/track/32Cb6Yj9sfVcNjqqXJxYC4?utm_source=generator&theme=0"" width=""100%"" height=""152"" frameBorder=""0"" allowfullscreen="""" allow=""autoplay; clipboard-write; encrypted-media; fullscreen; picture-in-picture"" loading=""lazy""></iframe>","<iframe allow=""autoplay *; encrypted-media *; fullscreen *; clipboard-write"" frameborder=""0"" height=""175"" style=""width:100%;max-width:660px;overflow:hidden;border-radius:10px;"" sandbox=""allow-forms allow-popups allow-same-origin allow-scripts allow-storage-access-by-user-activation allow-top-navigation-by-user-activation"" src=""https://embed.music.apple.com/jp/song/%E3%83%8F%E3%83%BC%E3%83%88%E3%83%93%E3%83%BC%E3%83%88-%E3%82%AA%E3%83%BC%E3%83%B4%E3%82%A1%E3%83%BC-%E3%82%A2%E3%82%B2%E3%82%A4%E3%83%B3/1650885313""></iframe>",,
317,Everything Happens to Me,Wynton Marsalis,Standard Time Vol. 3: The Resolution Of Romance,317日目の紹介文,/images/317.jpg,"<iframe src=""https://open.spotify.com/embed/track/7eccWSfqNobxZLbzcmdZMx?utm_source=generator&theme=0"" width=""100%"" height=""152"" frameBorder=""0"" allowfullscreen="""" allow=""autoplay; clipboard-write; encrypted-media; fullscreen; picture-in-picture"" loading=""lazy""></iframe>","<iframe allow=""autoplay *; encrypted-media *; fullscreen *; clipboard-write"" frameborder=""0"" height=""175"" style=""width:100%;max-width:660px;overflow:hidden;border-radius:10px;"" sandbox=""allow-forms allow-popups allow-same-origin allow-scripts allow-storage-access-by-user-activation allow-top-navigation-by-user-activation"" src=""https://embed.music.apple.com/jp/song/everything-happens-to-me/193591431""></iframe>",,
318,Maykesince,Knxwledge,Anthology,318日目の紹介文,/images/318.jpg,"<iframe src=""https://open.spotify.com/embed/track/3TUtkvl0F9btPFS2IlCVLj?utm_source=generator&theme=0"" width=""100%"" height=""152"" frameBorder=""0"" allowfullscreen="""" allow=""autoplay; clipboard-write; encrypted-media; fullscreen; picture-in-picture"" loading=""lazy""></iframe>","<iframe allow=""autoplay *; encrypted-media *; fullscreen *; clipboard-write"" frameborder=""0"" height=""175"" style=""width:100%;max-width:660px;overflow:hidden;border-radius:10px;"" sandbox=""allow-forms allow-popups allow-same-origin allow-scripts allow-storage-access-by-user-activation allow-top-navigation-by-user-activation"" src=""https://embed.music.apple.com/jp/song/maykesince/655868181""></iframe>",,
319,ウォーカーズ・ブルース,細野晴臣,HoSoNoVa,319日目の紹介文,/images/319.jpg,"<iframe src=""https://open.spotify.com/embed/track/0qpuV1QWiAJ4RzetlYb7yN?utm_source=generator&theme=0"" width=""100%"" height=""152"" frameBorder=""0"" allowfullscreen="""" allow=""autoplay; clipboard-write; encrypted-media; fullscreen; picture-in-picture"" loading=""lazy""></iframe>","<iframe allow=""autoplay *; encrypted-media *; fullscreen *; clipboard-write"" frameborder=""0"" height=""175"" style=""width:100%;max-width:660px;overflow:hidden;border-radius:10px;"" sandbox=""allow-forms allow-popups allow-same-origin allow-scripts allow-storage-access-by-user-activation allow-top-navigation-by-user-activation"" src=""https://embed.music.apple.com/jp/song/%E3%82%A6%E3%82%A9%E3%83%BC%E3%82%AB%E3%83%BC%E3%82%BA-%E3%83%96%E3%83%AB%E3%83%BC%E3%82%B9/430303673""></iframe>",,
320,At Pace,Cola,Deep in View,320日目の紹介文,/images/320.jpg,"<iframe src=""https://open.spotify.com/embed/track/7L7ZElJt1MAuhuunqrIeNZ?utm_source=generator&theme=0"" width=""100%"" height=""152"" frameBorder=""0"" allowfullscreen="""" allow=""autoplay; clipboard-write; encrypted-media; fullscreen; picture-in-picture"" loading=""lazy""></iframe>","<iframe allow=""autoplay *; encrypted-media *; fullscreen *; clipboard-write"" frameborder=""0"" height=""175"" style=""width:100%;max-width:660px;overflow:hidden;border-radius:10px;"" sandbox=""allow-forms allow-popups allow-same-origin allow-scripts allow-storage-access-by-user-activation allow-top-navigation-by-user-activation"" src=""https://embed.music.apple.com/jp/song/at-pace/1601143723""></iframe>",,
321,Locket,Crumb,Locket,321日目の紹介文,/images/321.jpg,"<iframe src=""https://open.spotify.com/embed/track/2vfPsGhqMbqmhjMGQ52dYf?utm_source=generator&theme=0"" width=""100%"" height=""152"" frameBorder=""0"" allowfullscreen="""" allow=""autoplay; clipboard-write; encrypted-media; fullscreen; picture-in-picture"" loading=""lazy""></iframe>","<iframe allow=""autoplay *; encrypted-media *; fullscreen *; clipboard-write"" frameborder=""0"" height=""175"" style=""width:100%;max-width:660px;overflow:hidden;border-radius:10px;"" sandbox=""allow-forms allow-popups allow-same-origin allow-scripts allow-storage-access-by-user-activation allow-top-navigation-by-user-activation"" src=""https://embed.music.apple.com/jp/song/locket/1465126178""></iframe>",,
322,Stepping Into Tomorrow,Madlib,Shades Of Blue: Madlib Invades Blue Note,322日目の紹介文,/images/322.jpg,"<iframe src=""https://open.spotify.com/embed/track/1SNiieXNyv5bRBbY9YAYVM?utm_source=generator&theme=0"" width=""100%"" height=""152"" frameBorder=""0"" allowfullscreen="""" allow=""autoplay; clipboard-write; encrypted-media; fullscreen; picture-in-picture"" loading=""lazy""></iframe>","<iframe allow=""autoplay *; encrypted-media *; fullscreen *; clipboard-write"" frameborder=""0"" height=""175"" style=""width:100%;max-width:660px;overflow:hidden;border-radius:10px;"" sandbox=""allow-forms allow-popups allow-same-origin allow-scripts allow-storage-access-by-user-activation allow-top-navigation-by-user-activation"" src=""https://embed.music.apple.com/jp/song/stepping-into-tomorrow/1444093824""></iframe>",,
323,Nadia,Nitin Sawhney,Beyond Skin,323日目の紹介文,/images/323.jpg,"<iframe src=""https://open.spotify.com/embed/track/6c05B0BTOJbDyRy5KLI7my?utm_source=generator&theme=0"" width=""100%"" height=""152"" frameBorder=""0"" allowfullscreen="""" allow=""autoplay; clipboard-write; encrypted-media; fullscreen; picture-in-picture"" loading=""lazy""></iframe>","<iframe allow=""autoplay *; encrypted-media *; fullscreen *; clipboard-write"" frameborder=""0"" height=""175"" style=""width:100%;max-width:660px;overflow:hidden;border-radius:10px;"" sandbox=""allow-forms allow-popups allow-same-origin allow-scripts allow-storage-access-by-user-activation allow-top-navigation-by-user-activation"" src=""https://embed.music.apple.com/jp/song/nadia/1275033640""></iframe>",,
324,Can't Make Up My Mind,Gloria Tells,Shine On You,324日目の紹介文,/images/324.jpg,"<iframe src=""https://open.spotify.com/embed/track/0vFRrOhjMY1dXABMZ16mkk?utm_source=generator&theme=0"" width=""100%"" height=""152"" frameBorder=""0"" allowfullscreen="""" allow=""autoplay; clipboard-write; encrypted-media; fullscreen; picture-in-picture"" loading=""lazy""></iframe>","<iframe allow=""autoplay *; encrypted-media *; fullscreen *; clipboard-write"" frameborder=""0"" height=""175"" style=""width:100%;max-width:660px;overflow:hidden;border-radius:10px;"" sandbox=""allow-forms allow-popups allow-same-origin allow-scripts allow-storage-access-by-user-activation allow-top-navigation-by-user-activation"" src=""https://embed.music.apple.com/jp/song/cant-make-up-my-mind/1444741543""></iframe>",,
325,Gold Dust,Duster,Stratosphere,325日目の紹介文,/images/325.jpg,"<iframe src=""https://open.spotify.com/embed/track/40MYrR5GY6f0ghFOnJJC9v?utm_source=generator&theme=0"" width=""100%"" height=""152"" frameBorder=""0"" allowfullscreen="""" allow=""autoplay; clipboard-write; encrypted-media; fullscreen; picture-in-picture"" loading=""lazy""></iframe>","<iframe allow=""autoplay *; encrypted-media *; fullscreen *; clipboard-write"" frameborder=""0"" height=""175"" style=""width:100%;max-width:660px;overflow:hidden;border-radius:10px;"" sandbox=""allow-forms allow-popups allow-same-origin allow-scripts allow-storage-access-by-user-activation allow-top-navigation-by-user-activation"" src=""https://embed.music.apple.com/jp/song/gold-dust/1388807376""></iframe>",,
326,Sock It 2 Me (feat. Da Brat),Missy Elliott,Supa Dupa Fly,326日目の紹介文,/images/326.jpg,"<iframe src=""https://open.spotify.com/embed/track/08bn759cPYICtUPoYx29P0?utm_source=generator&theme=0"" width=""100%"" height=""152"" frameBorder=""0"" allowfullscreen="""" allow=""autoplay; clipboard-write; encrypted-media; fullscreen; picture-in-picture"" loading=""lazy""></iframe>","<iframe allow=""autoplay *; encrypted-media *; fullscreen *; clipboard-write"" frameborder=""0"" height=""175"" style=""width:100%;max-width:660px;overflow:hidden;border-radius:10px;"" sandbox=""allow-forms allow-popups allow-same-origin allow-scripts allow-storage-access-by-user-activation allow-top-navigation-by-user-activation"" src=""https://embed.music.apple.com/jp/song/sock-it-2-me-feat-da-brat/302943457""></iframe>",,
327,Sims,Lauv,~how i'm feeling~,327日目の紹介文,/images/327.jpg,"<iframe src=""https://open.spotify.com/embed/track/73r3kYaMRJT3nZpsw6xclU?utm_source=generator&theme=0"" width=""100%"" height=""152"" frameBorder=""0"" allowfullscreen="""" allow=""autoplay; clipboard-write; encrypted-media; fullscreen; picture-in-picture"" loading=""lazy""></iframe>","<iframe allow=""autoplay *; encrypted-media *; fullscreen *; clipboard-write"" frameborder=""0"" height=""175"" style=""width:100%;max-width:660px;overflow:hidden;border-radius:10px;"" sandbox=""allow-forms allow-popups allow-same-origin allow-scripts allow-storage-access-by-user-activation allow-top-navigation-by-user-activation"" src=""https://embed.music.apple.com/jp/song/sims/1481432423""></iframe>",,
328,ザッピング (feat. 髙城晶平),Sunny Day Service,the CITY,328日目の紹介文,/images/328.jpg,"<iframe src=""https://open.spotify.com/embed/track/4Ok2NyI2DZd81pehO5tfVH?utm_source=generator&theme=0"" width=""100%"" height=""152"" frameBorder=""0"" allowfullscreen="""" allow=""autoplay; clipboard-write; encrypted-media; fullscreen; picture-in-picture"" loading=""lazy""></iframe>","<iframe allow=""autoplay *; encrypted-media *; fullscreen *; clipboard-write"" frameborder=""0"" height=""175"" style=""width:100%;max-width:660px;overflow:hidden;border-radius:10px;"" sandbox=""allow-forms allow-popups allow-same-origin allow-scripts allow-storage-access-by-user-activation allow-top-navigation-by-user-activation"" src=""https://embed.music.apple.com/jp/song/%E3%82%B6%E3%83%83%E3%83%94%E3%83%B3%E3%82%B0-feat-%E9%AB%99%E5%9F%8E%E6%99%B6%E5%B9%B3/1357856220""></iframe>",,
329,Balamb GARDEN,植松伸夫,FINAL FANTASY VIII Original Soundtrack,329日目の紹介文,/images/329.jpg,"<iframe src=""https://open.spotify.com/embed/track/7b7pjlDIJkU1GZCYmQlZhX?utm_source=generator&theme=0"" width=""100%"" height=""152"" frameBorder=""0"" allowfullscreen="""" allow=""autoplay; clipboard-write; encrypted-media; fullscreen; picture-in-picture"" loading=""lazy""></iframe>","<iframe allow=""autoplay *; encrypted-media *; fullscreen *; clipboard-write"" frameborder=""0"" height=""175"" style=""width:100%;max-width:660px;overflow:hidden;border-radius:10px;"" sandbox=""allow-forms allow-popups allow-same-origin allow-scripts allow-storage-access-by-user-activation allow-top-navigation-by-user-activation"" src=""https://embed.music.apple.com/jp/song/balamb-garden/62442458""></iframe>",,
330,DUET!!,KOJI-12000,ディスカスティング,330日目の紹介文,/images/330.jpg,"<iframe src=""https://open.spotify.com/embed/track/1eVInVNJCDh0FcRl2wkPWS?utm_source=generator&theme=0"" width=""100%"" height=""152"" frameBorder=""0"" allowfullscreen="""" allow=""autoplay; clipboard-write; encrypted-media; fullscreen; picture-in-picture"" loading=""lazy""></iframe>","<iframe allow=""autoplay *; encrypted-media *; fullscreen *; clipboard-write"" frameborder=""0"" height=""175"" style=""width:100%;max-width:660px;overflow:hidden;border-radius:10px;"" sandbox=""allow-forms allow-popups allow-same-origin allow-scripts allow-storage-access-by-user-activation allow-top-navigation-by-user-activation"" src=""https://embed.music.apple.com/jp/song/duet/1251506883""></iframe>",,
331,Saturday in the Park - 2002 Remaster,Chicago,Chicago V (Expanded & Remastered),331日目の紹介文,/images/331.jpg,"<iframe src=""https://open.spotify.com/embed/track/4OJFkrRQqol4FsPesF8eu4?utm_source=generator&theme=0"" width=""100%"" height=""152"" frameBorder=""0"" allowfullscreen="""" allow=""autoplay; clipboard-write; encrypted-media; fullscreen; picture-in-picture"" loading=""lazy""></iframe>","<iframe allow=""autoplay *; encrypted-media *; fullscreen *; clipboard-write"" frameborder=""0"" height=""175"" style=""width:100%;max-width:660px;overflow:hidden;border-radius:10px;"" sandbox=""allow-forms allow-popups allow-same-origin allow-scripts allow-storage-access-by-user-activation allow-top-navigation-by-user-activation"" src=""https://embed.music.apple.com/jp/song/saturday-in-the-park-remastered/1109528209""></iframe>",,
332,Basta,Raujika,Raujika Best,332日目の紹介文,/images/332.jpg,"<iframe src=""https://open.spotify.com/embed/track/0Z5t4CCLW4fiEzDiQhBqpA?utm_source=generator&theme=0"" width=""100%"" height=""152"" frameBorder=""0"" allowfullscreen="""" allow=""autoplay; clipboard-write; encrypted-media; fullscreen; picture-in-picture"" loading=""lazy""></iframe>","<iframe allow=""autoplay *; encrypted-media *; fullscreen *; clipboard-write"" frameborder=""0"" height=""175"" style=""width:100%;max-width:660px;overflow:hidden;border-radius:10px;"" sandbox=""allow-forms allow-popups allow-same-origin allow-scripts allow-storage-access-by-user-activation allow-top-navigation-by-user-activation"" src=""https://embed.music.apple.com/jp/song/basta/990199748""></iframe>",,
333,Ilex,Michal Urbaniak,Atma,333日目の紹介文,/images/333.jpg,"<iframe src=""https://open.spotify.com/embed/track/6w0kCVfO4Qeb7EuOcsdyRI?utm_source=generator&theme=0"" width=""100%"" height=""152"" frameBorder=""0"" allowfullscreen="""" allow=""autoplay; clipboard-write; encrypted-media; fullscreen; picture-in-picture"" loading=""lazy""></iframe>","<iframe allow=""autoplay *; encrypted-media *; fullscreen *; clipboard-write"" frameborder=""0"" height=""175"" style=""width:100%;max-width:660px;overflow:hidden;border-radius:10px;"" sandbox=""allow-forms allow-popups allow-same-origin allow-scripts allow-storage-access-by-user-activation allow-top-navigation-by-user-activation"" src=""https://embed.music.apple.com/jp/song/ilex/1276251048""></iframe>",,
334,Swallowtail Butterfly～あいのうた～ - Remastered 2015,YEN TOWN BAND,MONTAGE (Remastered 2015),334日目の紹介文,/images/334.jpg,"<iframe src=""https://open.spotify.com/embed/track/7Mt2nP2EmZxlyGTZWaxnDg?utm_source=generator&theme=0"" width=""100%"" height=""152"" frameBorder=""0"" allowfullscreen="""" allow=""autoplay; clipboard-write; encrypted-media; fullscreen; picture-in-picture"" loading=""lazy""></iframe>","<iframe allow=""autoplay *; encrypted-media *; fullscreen *; clipboard-write"" frameborder=""0"" height=""175"" style=""width:100%;max-width:660px;overflow:hidden;border-radius:10px;"" sandbox=""allow-forms allow-popups allow-same-origin allow-scripts allow-storage-access-by-user-activation allow-top-navigation-by-user-activation"" src=""https://embed.music.apple.com/jp/song/swallowtail-butterfly-%E3%81%82%E3%81%84%E3%81%AE%E3%81%86%E3%81%9F-remastered-2015/1598479040""></iframe>",,
335,アイム・ミー,CHAI,PUNK,335日目の紹介文,/images/335.jpg,"<iframe src=""https://open.spotify.com/embed/track/45L0ofvYAWLAtX3Z7FAUMO?utm_source=generator&theme=0"" width=""100%"" height=""152"" frameBorder=""0"" allowfullscreen="""" allow=""autoplay; clipboard-write; encrypted-media; fullscreen; picture-in-picture"" loading=""lazy""></iframe>","<iframe allow=""autoplay *; encrypted-media *; fullscreen *; clipboard-write"" frameborder=""0"" height=""175"" style=""width:100%;max-width:660px;overflow:hidden;border-radius:10px;"" sandbox=""allow-forms allow-popups allow-same-origin allow-scripts allow-storage-access-by-user-activation allow-top-navigation-by-user-activation"" src=""https://embed.music.apple.com/jp/song/%E3%82%A2%E3%82%A4%E3%83%A0-%E3%83%9F%E3%83%BC/1550776266""></iframe>",,
336,Maiden Voyage - Remastered 1999/Rudy Van Gelder Edition,Herbie Hancock,Maiden Voyage (Remastered 1999/Rudy Van Gelder Edition),336日目の紹介文,/images/336.jpg,"<iframe src=""https://open.spotify.com/embed/track/0T1EaGm6b9eM7xBf4F1hlc?utm_source=generator&theme=0"" width=""100%"" height=""152"" frameBorder=""0"" allowfullscreen="""" allow=""autoplay; clipboard-write; encrypted-media; fullscreen; picture-in-picture"" loading=""lazy""></iframe>","<iframe allow=""autoplay *; encrypted-media *; fullscreen *; clipboard-write"" frameborder=""0"" height=""175"" style=""width:100%;max-width:660px;overflow:hidden;border-radius:10px;"" sandbox=""allow-forms allow-popups allow-same-origin allow-scripts allow-storage-access-by-user-activation allow-top-navigation-by-user-activation"" src=""https://embed.music.apple.com/jp/song/%E5%87%A6%E5%A5%B3%E8%88%AA%E6%B5%B7-remastered-1999-rudy-van-gelder-edition/1694568461""></iframe>",,
337,Midnight City,M83,"Hurry up, We're Dreaming",337日目の紹介文,/images/337.jpg,"<iframe src=""https://open.spotify.com/embed/track/6GyFP1nfCDB8lbD2bG0Hq9?utm_source=generator&theme=0"" width=""100%"" height=""152"" frameBorder=""0"" allowfullscreen="""" allow=""autoplay; clipboard-write; encrypted-media; fullscreen; picture-in-picture"" loading=""lazy""></iframe>","<iframe allow=""autoplay *; encrypted-media *; fullscreen *; clipboard-write"" frameborder=""0"" height=""175"" style=""width:100%;max-width:660px;overflow:hidden;border-radius:10px;"" sandbox=""allow-forms allow-popups allow-same-origin allow-scripts allow-storage-access-by-user-activation allow-top-navigation-by-user-activation"" src=""https://embed.music.apple.com/jp/song/midnight-city/1674217008""></iframe>",,
338,Reminiscing - Remastered 2010,Little River Band,Sleeper Catcher (Remastered 2022),338日目の紹介文,/images/338.jpg,"<iframe src=""https://open.spotify.com/embed/track/7i3xpu7SFWvzhGa9AZyySR?utm_source=generator&theme=0"" width=""100%"" height=""152"" frameBorder=""0"" allowfullscreen="""" allow=""autoplay; clipboard-write; encrypted-media; fullscreen; picture-in-picture"" loading=""lazy""></iframe>","<iframe allow=""autoplay *; encrypted-media *; fullscreen *; clipboard-write"" frameborder=""0"" height=""175"" style=""width:100%;max-width:660px;overflow:hidden;border-radius:10px;"" sandbox=""allow-forms allow-popups allow-same-origin allow-scripts allow-storage-access-by-user-activation allow-top-navigation-by-user-activation"" src=""https://embed.music.apple.com/jp/song/%E3%83%AC%E3%83%9F%E3%83%8B%E3%82%B9%E3%82%B7%E3%83%B3%E3%82%B0-remastered-2010/1648433263""></iframe>",,
339,Carol of St. Benjamin The Bearded One,Sufjan Stevens,Silver & Gold,339日目の紹介文,/images/339.jpg,"<iframe src=""https://open.spotify.com/embed/track/4dlyiQguw6blAJvxqUFMIu?utm_source=generator&theme=0"" width=""100%"" height=""152"" frameBorder=""0"" allowfullscreen="""" allow=""autoplay; clipboard-write; encrypted-media; fullscreen; picture-in-picture"" loading=""lazy""></iframe>","<iframe allow=""autoplay *; encrypted-media *; fullscreen *; clipboard-write"" frameborder=""0"" height=""175"" style=""width:100%;max-width:660px;overflow:hidden;border-radius:10px;"" sandbox=""allow-forms allow-popups allow-same-origin allow-scripts allow-storage-access-by-user-activation allow-top-navigation-by-user-activation"" src=""https://embed.music.apple.com/jp/song/carol-of-st-benjamin-the-bearded-one/571955379""></iframe>",,
340,Willst du - Radio Mix,Robin Schulz,Prayer,340日目の紹介文,/images/340.jpg,"<iframe src=""https://open.spotify.com/embed/track/2LkUiZy08G0PAOzvRQ3oxY?utm_source=generator&theme=0"" width=""100%"" height=""152"" frameBorder=""0"" allowfullscreen="""" allow=""autoplay; clipboard-write; encrypted-media; fullscreen; picture-in-picture"" loading=""lazy""></iframe>","<iframe allow=""autoplay *; encrypted-media *; fullscreen *; clipboard-write"" frameborder=""0"" height=""175"" style=""width:100%;max-width:660px;overflow:hidden;border-radius:10px;"" sandbox=""allow-forms allow-popups allow-same-origin allow-scripts allow-storage-access-by-user-activation allow-top-navigation-by-user-activation"" src=""https://embed.music.apple.com/jp/song/willst-du-radio-mix/907493611""></iframe>",,
341,SHOOTING STAR,XG,SHOOTING STAR,341日目の紹介文,/images/341.jpg,"<iframe src=""https://open.spotify.com/embed/track/3IelG5zYpWWCZIH4cqWlPV?utm_source=generator&theme=0"" width=""100%"" height=""152"" frameBorder=""0"" allowfullscreen="""" allow=""autoplay; clipboard-write; encrypted-media; fullscreen; picture-in-picture"" loading=""lazy""></iframe>","<iframe allow=""autoplay *; encrypted-media *; fullscreen *; clipboard-write"" frameborder=""0"" height=""175"" style=""width:100%;max-width:660px;overflow:hidden;border-radius:10px;"" sandbox=""allow-forms allow-popups allow-same-origin allow-scripts allow-storage-access-by-user-activation allow-top-navigation-by-user-activation"" src=""https://embed.music.apple.com/jp/song/shooting-star/1660487904""></iframe>",,
342,Working for Vacation,Cibo Matto,Stereotype A,342日目の紹介文,/images/342.jpg,"<iframe src=""https://open.spotify.com/embed/track/2kmACdsHENmBa65ziMKMGR?utm_source=generator&theme=0"" width=""100%"" height=""152"" frameBorder=""0"" allowfullscreen="""" allow=""autoplay; clipboard-write; encrypted-media; fullscreen; picture-in-picture"" loading=""lazy""></iframe>","<iframe allow=""autoplay *; encrypted-media *; fullscreen *; clipboard-write"" frameborder=""0"" height=""175"" style=""width:100%;max-width:660px;overflow:hidden;border-radius:10px;"" sandbox=""allow-forms allow-popups allow-same-origin allow-scripts allow-storage-access-by-user-activation allow-top-navigation-by-user-activation"" src=""https://embed.music.apple.com/jp/song/working-for-vacation/207937341""></iframe>",,
343,Instalacao Do Samba,Toco,Instalacao Do Samba,343日目の紹介文,/images/343.jpg,"<iframe src=""https://open.spotify.com/embed/track/4LdPuG2x8xSQ5uCI9vAfIg?utm_source=generator&theme=0"" width=""100%"" height=""152"" frameBorder=""0"" allowfullscreen="""" allow=""autoplay; clipboard-write; encrypted-media; fullscreen; picture-in-picture"" loading=""lazy""></iframe>","<iframe allow=""autoplay *; encrypted-media *; fullscreen *; clipboard-write"" frameborder=""0"" height=""175"" style=""width:100%;max-width:660px;overflow:hidden;border-radius:10px;"" sandbox=""allow-forms allow-popups allow-same-origin allow-scripts allow-storage-access-by-user-activation allow-top-navigation-by-user-activation"" src=""https://embed.music.apple.com/jp/song/instala%C3%A7ao-do-samba/151552122""></iframe>",,
344,現代に生息する部族,天国注射,天国注射の一枚目,344日目の紹介文,/images/344.jpg,"<iframe src=""https://open.spotify.com/embed/track/0mPLIyJO3Ip5ApuWXQMYY1?utm_source=generator&theme=0"" width=""100%"" height=""152"" frameBorder=""0"" allowfullscreen="""" allow=""autoplay; clipboard-write; encrypted-media; fullscreen; picture-in-picture"" loading=""lazy""></iframe>","<iframe allow=""autoplay *; encrypted-media *; fullscreen *; clipboard-write"" frameborder=""0"" height=""175"" style=""width:100%;max-width:660px;overflow:hidden;border-radius:10px;"" sandbox=""allow-forms allow-popups allow-same-origin allow-scripts allow-storage-access-by-user-activation allow-top-navigation-by-user-activation"" src=""https://embed.music.apple.com/jp/song/%E7%8F%BE%E4%BB%A3%E3%81%AB%E7%94%9F%E6%81%AF%E3%81%99%E3%82%8B%E9%83%A8%E6%97%8F/1684077174""></iframe>",,
345,Levitating (feat. DaBaby),Dua Lipa,Future Nostalgia,345日目の紹介文,/images/345.jpg,"<iframe src=""https://open.spotify.com/embed/track/5nujrmhLynf4yMoMtj8AQF?utm_source=generator&theme=0"" width=""100%"" height=""152"" frameBorder=""0"" allowfullscreen="""" allow=""autoplay; clipboard-write; encrypted-media; fullscreen; picture-in-picture"" loading=""lazy""></iframe>","<iframe allow=""autoplay *; encrypted-media *; fullscreen *; clipboard-write"" frameborder=""0"" height=""175"" style=""width:100%;max-width:660px;overflow:hidden;border-radius:10px;"" sandbox=""allow-forms allow-popups allow-same-origin allow-scripts allow-storage-access-by-user-activation allow-top-navigation-by-user-activation"" src=""https://embed.music.apple.com/jp/song/levitating-feat-dababy/1538004217""></iframe>",,
346,ANATATO,LUVRAW,「スペース☆ダンディ」O.S.T.1　ベストヒット BBP,346日目の紹介文,/images/346.jpg,"<iframe src=""https://open.spotify.com/embed/track/4GZFk7aVJybbYBgVCd7n6H?utm_source=generator&theme=0"" width=""100%"" height=""152"" frameBorder=""0"" allowfullscreen="""" allow=""autoplay; clipboard-write; encrypted-media; fullscreen; picture-in-picture"" loading=""lazy""></iframe>","<iframe allow=""autoplay *; encrypted-media *; fullscreen *; clipboard-write"" frameborder=""0"" height=""175"" style=""width:100%;max-width:660px;overflow:hidden;border-radius:10px;"" sandbox=""allow-forms allow-popups allow-same-origin allow-scripts allow-storage-access-by-user-activation allow-top-navigation-by-user-activation"" src=""https://embed.music.apple.com/jp/song/anatato/834709632""></iframe>",,
347,"Blood and Rockets:Movement I, Saga of Jack Parsons/Movement II, Too the Moon",The Claypool Lennon Delirium,South of Reality,347日目の紹介文,/images/347.jpg,"<iframe src=""https://open.spotify.com/embed/track/0Pm4LArtodXIJZP2VsuVJR?utm_source=generator&theme=0"" width=""100%"" height=""152"" frameBorder=""0"" allowfullscreen="""" allow=""autoplay; clipboard-write; encrypted-media; fullscreen; picture-in-picture"" loading=""lazy""></iframe>","<iframe allow=""autoplay *; encrypted-media *; fullscreen *; clipboard-write"" frameborder=""0"" height=""175"" style=""width:100%;max-width:660px;overflow:hidden;border-radius:10px;"" sandbox=""allow-forms allow-popups allow-same-origin allow-scripts allow-storage-access-by-user-activation allow-top-navigation-by-user-activation"" src=""https://embed.music.apple.com/jp/song/blood-and-rockets-movement-i-saga-of-jack/1537325019""></iframe>",,
348,Sumthin Like This Night,Snoop Dogg,Doggumentary,348日目の紹介文,/images/348.jpg,"<iframe src=""https://open.spotify.com/embed/track/5UNeLR6A21P9b3WNjDvhOU?utm_source=generator&theme=0"" width=""100%"" height=""152"" frameBorder=""0"" allowfullscreen="""" allow=""autoplay; clipboard-write; encrypted-media; fullscreen; picture-in-picture"" loading=""lazy""></iframe>","<iframe allow=""autoplay *; encrypted-media *; fullscreen *; clipboard-write"" frameborder=""0"" height=""175"" style=""width:100%;max-width:660px;overflow:hidden;border-radius:10px;"" sandbox=""allow-forms allow-popups allow-same-origin allow-scripts allow-storage-access-by-user-activation allow-top-navigation-by-user-activation"" src=""https://embed.music.apple.com/jp/song/sumthin-like-this-night-feat-gorillaz/716731142""></iframe>",,
349,We Are Love,Don Diablo,We Are Love,349日目の紹介文,/images/349.jpg,"<iframe src=""https://open.spotify.com/embed/track/2MEkDq4Rl17FXDWK5JKsVX?utm_source=generator&theme=0"" width=""100%"" height=""152"" frameBorder=""0"" allowfullscreen="""" allow=""autoplay; clipboard-write; encrypted-media; fullscreen; picture-in-picture"" loading=""lazy""></iframe>","<iframe allow=""autoplay *; encrypted-media *; fullscreen *; clipboard-write"" frameborder=""0"" height=""175"" style=""width:100%;max-width:660px;overflow:hidden;border-radius:10px;"" sandbox=""allow-forms allow-popups allow-same-origin allow-scripts allow-storage-access-by-user-activation allow-top-navigation-by-user-activation"" src=""https://embed.music.apple.com/jp/song/we-are-love/1494672929""></iframe>",,
350,All The Way,Chance the Rapper,Merry Christmas Lil Mama: The Gift That Keeps On Giving,350日目の紹介文,/images/350.jpg,"<iframe src=""https://open.spotify.com/embed/track/3dgFWz2l6eQC77SHu83wGz?utm_source=generator&theme=0"" width=""100%"" height=""152"" frameBorder=""0"" allowfullscreen="""" allow=""autoplay; clipboard-write; encrypted-media; fullscreen; picture-in-picture"" loading=""lazy""></iframe>","<iframe allow=""autoplay *; encrypted-media *; fullscreen *; clipboard-write"" frameborder=""0"" height=""450"" style=""width:100%;max-width:660px;overflow:hidden;border-radius:10px;"" sandbox=""allow-forms allow-popups allow-same-origin allow-scripts allow-storage-access-by-user-activation allow-top-navigation-by-user-activation"" src=""https://embed.music.apple.com/jp/album/merry-christmas-lil-mama-the-gift-that-keeps-on-giving/1545704745""></iframe>",,
351,うんこ,森山直太朗,大傑作撰,351日目の紹介文,/images/351.jpg,"<iframe src=""https://open.spotify.com/embed/track/1UDnvdJxviNZyEb5ZSzfCw?utm_source=generator&theme=0"" width=""100%"" height=""152"" frameBorder=""0"" allowfullscreen="""" allow=""autoplay; clipboard-write; encrypted-media; fullscreen; picture-in-picture"" loading=""lazy""></iframe>","<iframe allow=""autoplay *; encrypted-media *; fullscreen *; clipboard-write"" frameborder=""0"" height=""175"" style=""width:100%;max-width:660px;overflow:hidden;border-radius:10px;"" sandbox=""allow-forms allow-popups allow-same-origin allow-scripts allow-storage-access-by-user-activation allow-top-navigation-by-user-activation"" src=""https://embed.music.apple.com/jp/song/%E3%81%86%E3%82%93%E3%81%93/1440740402""></iframe>",,
352,Old Man River,Lelio Luttazzi,We Love,352日目の紹介文,/images/352.jpg,"<iframe src=""https://open.spotify.com/embed/track/6OTAJi6RttS4PIgaShMlW1?utm_source=generator&theme=0"" width=""100%"" height=""152"" frameBorder=""0"" allowfullscreen="""" allow=""autoplay; clipboard-write; encrypted-media; fullscreen; picture-in-picture"" loading=""lazy""></iframe>","<iframe allow=""autoplay *; encrypted-media *; fullscreen *; clipboard-write"" frameborder=""0"" height=""175"" style=""width:100%;max-width:660px;overflow:hidden;border-radius:10px;"" sandbox=""allow-forms allow-popups allow-same-origin allow-scripts allow-storage-access-by-user-activation allow-top-navigation-by-user-activation"" src=""https://embed.music.apple.com/jp/song/old-man-river/1657564249""></iframe>",,
353,Eucalyptus,MF DOOM,Metal Fingers Presents: Special Herbs Vol. 1 & 2,353日目の紹介文,/images/353.jpg,"<iframe src=""https://open.spotify.com/embed/track/0pcg2zZQOw0G0ZYbjS6smW?utm_source=generator&theme=0"" width=""100%"" height=""152"" frameBorder=""0"" allowfullscreen="""" allow=""autoplay; clipboard-write; encrypted-media; fullscreen; picture-in-picture"" loading=""lazy""></iframe>","<iframe allow=""autoplay *; encrypted-media *; fullscreen *; clipboard-write"" frameborder=""0"" height=""175"" style=""width:100%;max-width:660px;overflow:hidden;border-radius:10px;"" sandbox=""allow-forms allow-popups allow-same-origin allow-scripts allow-storage-access-by-user-activation allow-top-navigation-by-user-activation"" src=""https://embed.music.apple.com/jp/song/eucalyptus/1654804311""></iframe>",,
354,カーリーとキャロル,SHIGEO SEKITO,華麗なるエレクトーン -ザ・ワード-,354日目の紹介文,/images/354.jpg,"<iframe src=""https://open.spotify.com/embed/track/1DYTAJrspHHko3qfRC74NX?utm_source=generator&theme=0"" width=""100%"" height=""152"" frameBorder=""0"" allowfullscreen="""" allow=""autoplay; clipboard-write; encrypted-media; fullscreen; picture-in-picture"" loading=""lazy""></iframe>","<iframe allow=""autoplay *; encrypted-media *; fullscreen *; clipboard-write"" frameborder=""0"" height=""175"" style=""width:100%;max-width:660px;overflow:hidden;border-radius:10px;"" sandbox=""allow-forms allow-popups allow-same-origin allow-scripts allow-storage-access-by-user-activation allow-top-navigation-by-user-activation"" src=""https://embed.music.apple.com/jp/song/%E3%82%AB%E3%83%BC%E3%83%AA%E3%83%BC%E3%81%A8%E3%82%AD%E3%83%A3%E3%83%AD%E3%83%AB/1463527028""></iframe>",,
355,running out of time,Lil Yachty,Let’s Start Here.,355日目の紹介文,/images/355.jpg,"<iframe src=""https://open.spotify.com/embed/track/7zy7iE31dGO70ShMXghsfj?utm_source=generator&theme=0"" width=""100%"" height=""152"" frameBorder=""0"" allowfullscreen="""" allow=""autoplay; clipboard-write; encrypted-media; fullscreen; picture-in-picture"" loading=""lazy""></iframe>","<iframe allow=""autoplay *; encrypted-media *; fullscreen *; clipboard-write"" frameborder=""0"" height=""175"" style=""width:100%;max-width:660px;overflow:hidden;border-radius:10px;"" sandbox=""allow-forms allow-popups allow-same-origin allow-scripts allow-storage-access-by-user-activation allow-top-navigation-by-user-activation"" src=""https://embed.music.apple.com/jp/song/running-out-of-time/1669140171""></iframe>",,
356,Volver A Comenzar,Café Tacvba,SINO,356日目の紹介文,/images/356.jpg,"<iframe src=""https://open.spotify.com/embed/track/70LC9mcVfFoITE6PAG5s87?utm_source=generator&theme=0"" width=""100%"" height=""152"" frameBorder=""0"" allowfullscreen="""" allow=""autoplay; clipboard-write; encrypted-media; fullscreen; picture-in-picture"" loading=""lazy""></iframe>","<iframe allow=""autoplay *; encrypted-media *; fullscreen *; clipboard-write"" frameborder=""0"" height=""175"" style=""width:100%;max-width:660px;overflow:hidden;border-radius:10px;"" sandbox=""allow-forms allow-popups allow-same-origin allow-scripts allow-storage-access-by-user-activation allow-top-navigation-by-user-activation"" src=""https://embed.music.apple.com/jp/song/volver-a-comenzar/1446021427""></iframe>",,
357,Jazz Excursion,Mumdance,MD001,357日目の紹介文,/images/357.jpg,"<iframe src=""https://open.spotify.com/embed/track/7uLLt8oOd0WfxJi8LDmG3J?utm_source=generator&theme=0"" width=""100%"" height=""152"" frameBorder=""0"" allowfullscreen="""" allow=""autoplay; clipboard-write; encrypted-media; fullscreen; picture-in-picture"" loading=""lazy""></iframe>","<iframe allow=""autoplay *; encrypted-media *; fullscreen *; clipboard-write"" frameborder=""0"" height=""175"" style=""width:100%;max-width:660px;overflow:hidden;border-radius:10px;"" sandbox=""allow-forms allow-popups allow-same-origin allow-scripts allow-storage-access-by-user-activation allow-top-navigation-by-user-activation"" src=""https://embed.music.apple.com/jp/song/jazz-excursion/1671816800""></iframe>",,
358,Bound,The Ponderosa Twins Plus One,2+2+1=,358日目の紹介文,/images/358.jpg,"<iframe src=""https://open.spotify.com/embed/track/0AqE2nClzllWavHbkC2AeZ?utm_source=generator&theme=0"" width=""100%"" height=""152"" frameBorder=""0"" allowfullscreen="""" allow=""autoplay; clipboard-write; encrypted-media; fullscreen; picture-in-picture"" loading=""lazy""></iframe>","<iframe allow=""autoplay *; encrypted-media *; fullscreen *; clipboard-write"" frameborder=""0"" height=""175"" style=""width:100%;max-width:660px;overflow:hidden;border-radius:10px;"" sandbox=""allow-forms allow-popups allow-same-origin allow-scripts allow-storage-access-by-user-activation allow-top-navigation-by-user-activation"" src=""https://embed.music.apple.com/jp/song/bound/1616721107""></iframe>",,
359,千年紀末に降る雪は,KIRINJI,3,359日目の紹介文,/images/359.jpg,"<iframe src=""https://open.spotify.com/embed/track/0idCR8BqzbOAIrJliiH8Ha?utm_source=generator&theme=0"" width=""100%"" height=""152"" frameBorder=""0"" allowfullscreen="""" allow=""autoplay; clipboard-write; encrypted-media; fullscreen; picture-in-picture"" loading=""lazy""></iframe>","<iframe allow=""autoplay *; encrypted-media *; fullscreen *; clipboard-write"" frameborder=""0"" height=""175"" style=""width:100%;max-width:660px;overflow:hidden;border-radius:10px;"" sandbox=""allow-forms allow-popups allow-same-origin allow-scripts allow-storage-access-by-user-activation allow-top-navigation-by-user-activation"" src=""https://embed.music.apple.com/jp/song/%E5%8D%83%E5%B9%B4%E7%B4%80%E6%9C%AB%E3%81%AB%E9%99%8D%E3%82%8B%E9%9B%AA%E3%81%AF/258412457""></iframe>",,
360,Think One Thing and Sing,Rémi Panossian Trio,Happy Birthdé,360日目の紹介文,/images/360.jpg,"<iframe src=""https://open.spotify.com/embed/track/0NyFaqRsEVvdOxsJeFYAvf?utm_source=generator&theme=0"" width=""100%"" height=""152"" frameBorder=""0"" allowfullscreen="""" allow=""autoplay; clipboard-write; encrypted-media; fullscreen; picture-in-picture"" loading=""lazy""></iframe>","<iframe allow=""autoplay *; encrypted-media *; fullscreen *; clipboard-write"" frameborder=""0"" height=""175"" style=""width:100%;max-width:660px;overflow:hidden;border-radius:10px;"" sandbox=""allow-forms allow-popups allow-same-origin allow-scripts allow-storage-access-by-user-activation allow-top-navigation-by-user-activation"" src=""https://embed.music.apple.com/jp/song/think-one-thing-and-sing/1613562231""></iframe>",,
361,Fearing much,Stefano Torossi,Feelings,361日目の紹介文,/images/361.jpg,"<iframe src=""https://open.spotify.com/embed/track/2JdBEYv5z0euEdcsoNZfCK?utm_source=generator&theme=0"" width=""100%"" height=""152"" frameBorder=""0"" allowfullscreen="""" allow=""autoplay; clipboard-write; encrypted-media; fullscreen; picture-in-picture"" loading=""lazy""></iframe>","<iframe allow=""autoplay *; encrypted-media *; fullscreen *; clipboard-write"" frameborder=""0"" height=""175"" style=""width:100%;max-width:660px;overflow:hidden;border-radius:10px;"" sandbox=""allow-forms allow-popups allow-same-origin allow-scripts allow-storage-access-by-user-activation allow-top-navigation-by-user-activation"" src=""https://embed.music.apple.com/jp/song/fearing-much/1329251866""></iframe>",,
362,Sweet Life,Frank Ocean,channel ORANGE,362日目の紹介文,/images/362.jpg,"<iframe src=""https://open.spotify.com/embed/track/6MEDfjHxnVNcYmHe3mM6L2?utm_source=generator&theme=0"" width=""100%"" height=""152"" frameBorder=""0"" allowfullscreen="""" allow=""autoplay; clipboard-write; encrypted-media; fullscreen; picture-in-picture"" loading=""lazy""></iframe>","<iframe allow=""autoplay *; encrypted-media *; fullscreen *; clipboard-write"" frameborder=""0"" height=""175"" style=""width:100%;max-width:660px;overflow:hidden;border-radius:10px;"" sandbox=""allow-forms allow-popups allow-same-origin allow-scripts allow-storage-access-by-user-activation allow-top-navigation-by-user-activation"" src=""https://embed.music.apple.com/jp/song/%E3%82%B9%E3%82%A6%E3%82%A3%E3%83%BC%E3%83%88-%E3%83%A9%E3%82%A4%E3%83%95/1440766146""></iframe>",,
363,Heaven,蓮沼執太,Heaven,363日目の紹介文,/images/363.jpg,"<iframe src=""https://open.spotify.com/embed/track/503jCZ1YxCfNLOjdjJjOZ7?utm_source=generator&theme=0"" width=""100%"" height=""152"" frameBorder=""0"" allowfullscreen="""" allow=""autoplay; clipboard-write; encrypted-media; fullscreen; picture-in-picture"" loading=""lazy""></iframe>","<iframe allow=""autoplay *; encrypted-media *; fullscreen *; clipboard-write"" frameborder=""0"" height=""175"" style=""width:100%;max-width:660px;overflow:hidden;border-radius:10px;"" sandbox=""allow-forms allow-popups allow-same-origin allow-scripts allow-storage-access-by-user-activation allow-top-navigation-by-user-activation"" src=""https://embed.music.apple.com/jp/song/heaven/1791703159""></iframe>",,
364,喝采 - 1973年 Live Ver.,ちあきなおみ,ちあきなおみ ON STAGE (1973),364日目の紹介文,/images/364.jpg,"<iframe src=""https://open.spotify.com/embed/track/5wjP2hcw8l5saOWMwZ06og?utm_source=generator&theme=0"" width=""100%"" height=""152"" frameBorder=""0"" allowfullscreen="""" allow=""autoplay; clipboard-write; encrypted-media; fullscreen; picture-in-picture"" loading=""lazy""></iframe>","<iframe allow=""autoplay *; encrypted-media *; fullscreen *; clipboard-write"" frameborder=""0"" height=""175"" style=""width:100%;max-width:660px;overflow:hidden;border-radius:10px;"" sandbox=""allow-forms allow-popups allow-same-origin allow-scripts allow-storage-access-by-user-activation allow-top-navigation-by-user-activation"" src=""https://embed.music.apple.com/jp/song/%E5%96%9D%E9%87%87-1973%E5%B9%B4-live-ver/1747475134""></iframe>",,
365,LONG SEASON - Live,Fishmans,98.12.28 男達の別れ (Live),365日目の紹介文,/images/365.jpg,"<iframe src=""https://open.spotify.com/embed/track/61QOvLPX4kjn3TQ7OJV2dL?utm_source=generator&theme=0"" width=""100%"" height=""152"" frameBorder=""0"" allowfullscreen="""" allow=""autoplay; clipboard-write; encrypted-media; fullscreen; picture-in-picture"" loading=""lazy""></iframe>","<iframe allow=""autoplay *; encrypted-media *; fullscreen *; clipboard-write"" frameborder=""0"" height=""175"" style=""width:100%;max-width:660px;overflow:hidden;border-radius:10px;"" sandbox=""allow-forms allow-popups allow-same-origin allow-scripts allow-storage-access-by-user-activation allow-top-navigation-by-user-activation"" src=""https://embed.music.apple.com/jp/song/long-season-live/1416934417""></iframe>",,